download_day,total_downloads
2016-01-22,14
2016-01-23,6
2016-01-24,4
2016-01-25,4
2016-01-26,22
2016-01-27,25
2016-01-28,6
2016-01-29,13
2016-01-30,4
2016-01-31,1
2016-02-01,15
2016-02-02,11
2016-02-03,6
2016-02-04,16
2016-02-05,14
2016-02-06,11
2016-02-07,8
2016-02-08,76
2016-02-09,62
2016-02-10,20
2016-02-11,4
2016-02-12,6
2016-02-13,7
2016-02-14,3
2016-02-15,14
2016-02-16,95
2016-02-17,58
2016-02-18,46
2016-02-19,35
2016-02-20,29
2016-02-21,24
2016-02-22,22
2016-02-23,53
2016-02-24,19
2016-02-25,38
2016-02-26,34
2016-02-27,28
2016-02-28,9
2016-02-29,31
2016-03-01,31
2016-03-02,26
2016-03-03,22
2016-03-04,23
2016-03-05,26
2016-05-22,18
2016-05-23,47
2016-05-24,32
2016-05-25,50
2016-05-26,46
2016-05-27,42
2016-05-28,9
2016-05-29,32
2016-05-30,20
2016-05-31,20
2016-06-01,72
2016-06-02,71
2016-06-03,65
2016-06-04,52
2016-06-05,18
2016-06-06,62
2016-06-07,60
2016-06-08,30
2016-06-09,32
2016-06-10,17
2016-06-11,11
2016-06-12,30
2016-06-13,74
2016-06-14,31
2016-06-15,17
2016-06-16,40
2016-06-17,50
2016-06-18,17
2016-06-19,16
2016-06-20,21
2016-06-21,29
2016-06-22,39
2016-06-23,92
2016-06-24,18
2016-06-25,8
2016-06-26,9
2016-06-27,15
2016-06-28,15
2016-06-29,49
2016-06-30,91
2016-07-01,26
2016-07-02,35
2016-07-03,9
2016-07-04,150
2016-07-05,108
2016-07-06,75
2016-07-07,43
2016-07-08,48
2016-07-09,56
2016-07-10,22
2016-07-11,52
2016-07-12,50
2016-07-13,44
2016-07-14,63
2016-07-15,33
2016-07-16,34
2016-07-17,21
2016-07-18,34
2016-07-19,93
2016-07-20,53
2016-07-21,80
2016-07-22,68
2016-07-23,13
2016-07-24,15
2016-07-25,35
2016-07-26,65
2016-07-27,79
2016-07-28,73
2016-07-29,75
2016-07-30,23
2016-07-31,52
2016-08-01,41
2016-08-02,92
2016-08-03,63
2016-08-04,58
2016-08-05,105
2016-08-06,40
2016-08-07,30
2016-08-08,60
2016-08-09,68
2016-08-10,66
2016-08-11,30
2016-08-12,80
2016-08-13,30
2016-08-14,12
2016-08-15,39
2016-08-16,54
2016-08-17,90
2016-08-18,53
2016-08-19,65
2016-08-20,68
2016-08-21,12
2016-08-22,74
2016-08-23,55
2016-08-24,21
2016-08-25,39
2016-08-26,50
2016-08-27,24
2016-08-28,31
2016-08-29,23
2016-08-30,29
2016-08-31,81
2016-09-01,35
2016-09-02,49
2016-09-03,35
2016-09-04,49
2016-09-05,43
2016-09-06,68
2016-09-07,78
2016-09-08,65
2016-09-09,47
2016-09-10,42
2016-09-11,21
2016-09-12,48
2016-09-13,49
2016-09-14,33
2016-09-15,46
2016-09-16,87
2016-09-17,51
2016-09-18,43
2016-09-19,40
2016-09-20,99
2016-09-21,61
2016-09-22,37
2016-09-23,65
2016-09-24,77
2016-09-25,46
2016-09-26,171
2016-09-27,229
2016-09-28,134
2016-09-29,73
2016-09-30,74
2016-10-01,62
2016-10-02,46
2016-10-03,59
2016-10-04,43
2016-10-05,65
2016-10-06,101
2016-10-07,84
2016-10-08,39
2016-10-09,40
2016-10-10,74
2016-10-11,65
2016-10-12,114
2016-10-13,62
2016-10-14,28
2016-10-15,5
2016-10-16,4
2016-10-17,21
2016-10-18,49
2016-10-19,88
2016-10-20,60
2016-10-21,20
2016-10-22,4
2016-10-23,26
2016-10-24,37
2016-10-25,47
2016-10-26,89
2016-10-27,65
2016-10-28,50
2016-10-29,22
2016-10-30,23
2016-10-31,35
2016-11-01,58
2016-11-02,51
2016-11-03,51
2016-11-04,52
2016-11-05,34
2016-11-06,19
2016-11-07,49
2016-11-08,72
2016-11-09,66
2016-11-10,46
2016-11-11,50
2016-11-12,25
2016-11-13,13
2016-11-14,41
2016-11-15,40
2016-11-16,81
2016-11-17,40
2016-11-18,38
2016-11-19,46
2016-11-20,32
2016-11-21,39
2016-11-22,47
2016-11-23,58
2016-11-24,85
2016-11-25,11
2016-11-26,22
2016-11-27,18
2016-11-28,38
2016-11-29,71
2016-11-30,28
2016-12-01,95
2016-12-02,26
2016-12-03,33
2016-12-04,15
2016-12-05,33
2016-12-06,76
2016-12-07,56
2016-12-08,85
2016-12-09,45
2016-12-10,32
2016-12-11,25
2016-12-12,61
2016-12-13,49
2016-12-14,44
2016-12-15,58
2016-12-16,27
2016-12-17,12
2016-12-18,14
2016-12-19,61
2016-12-20,23
2016-12-21,221
2016-12-22,190
2016-12-23,56
2016-12-24,20
2016-12-25,12
2016-12-26,19
2016-12-27,21
2016-12-28,34
2016-12-29,21
2016-12-30,33
2016-12-31,20
2017-01-01,17
2017-01-02,6
2017-01-03,35
2017-01-04,19
2017-01-05,60
2017-01-06,38
2017-01-07,37
2017-01-08,3
2017-01-09,55
2017-01-10,53
2017-01-11,33
2017-01-12,46
2017-01-13,67
2017-01-14,43
2017-01-15,19
2017-01-16,31
2017-01-17,52
2017-01-18,72
2017-01-19,40
2017-01-20,75
2017-01-21,9
2017-01-22,19
2017-01-23,35
2017-01-24,60
2017-01-25,47
2017-01-26,70
2017-01-27,64
2017-01-28,29
2017-01-29,19
2017-01-30,40
2017-01-31,21
2017-02-01,94
2017-02-02,59
2017-02-03,29
2017-02-04,35
2017-02-05,7
2017-02-06,79
2017-02-07,45
2017-02-08,49
2017-02-09,89
2017-02-10,56
2017-02-11,74
2017-02-12,42
2017-02-13,38
2017-02-14,83
2017-02-15,16
2017-02-16,72
2017-02-17,49
2017-02-18,49
2017-02-19,39
2017-02-20,39
2017-02-21,37
2017-02-22,70
2017-02-23,26
2017-02-24,44
2017-02-25,17
2017-02-26,49
2017-02-27,57
2017-02-28,47
2017-03-01,55
2017-03-02,70
2017-03-03,56
2017-03-04,41
2017-03-05,8
2017-03-06,31
2017-03-07,46
2017-03-08,46
2017-03-09,68
2017-03-10,50
2017-03-11,16
2017-03-12,17
2017-03-13,32
2017-03-14,80
2017-03-15,51
2017-03-16,63
2017-03-17,76
2017-03-18,30
2017-03-19,37
2017-03-20,13
2017-03-21,75
2017-03-22,79
2017-03-23,15
2017-03-24,49
2017-03-25,54
2017-03-26,49
2017-03-27,33
2017-03-28,87
2017-03-29,56
2017-03-30,61
2017-03-31,57
2017-04-01,25
2017-04-02,6
2017-04-03,40
2017-04-04,48
2017-04-05,85
2017-04-06,49
2017-04-07,68
2017-04-08,23
2017-04-09,26
2017-04-10,57
2017-04-11,34
2017-04-12,72
2017-04-13,29
2017-04-14,63
2017-04-15,50
2017-04-16,47
2017-04-17,17
2017-04-18,70
2017-04-19,75
2017-04-20,33
2017-04-21,42
2017-04-22,18
2017-04-23,11
2017-04-24,53
2017-04-25,13
2017-04-26,71
2017-04-27,27
2017-04-28,50
2017-04-29,17
2017-04-30,14
2017-05-01,19
2017-05-02,38
2017-05-03,78
2017-05-04,49
2017-05-05,41
2017-05-06,13
2017-05-07,9
2017-05-08,27
2017-05-09,64
2017-05-10,30
2017-05-11,38
2017-05-12,44
2017-05-13,58
2017-05-14,21
2017-05-15,20
2017-05-16,48
2017-05-17,118
2017-05-18,102
2017-05-19,74
2017-05-20,28
2017-05-21,16
2017-05-22,40
2017-05-23,36
2017-05-24,54
2017-05-25,53
2017-05-26,12
2017-05-27,8
2017-05-28,10
2017-05-29,34
2017-05-30,50
2017-05-31,45
2017-06-01,34
2017-06-02,41
2017-06-03,11
2017-06-04,26
2017-06-05,31
2017-06-06,57
2017-06-07,49
2017-06-08,38
2017-06-09,40
2017-06-10,53
2017-06-11,37
2017-06-12,25
2017-06-13,60
2017-06-14,67
2017-06-15,41
2017-06-16,70
2017-06-17,49
2017-06-18,30
2017-06-19,60
2017-06-20,62
2017-06-21,83
2017-06-22,65
2017-06-23,22
2017-06-24,61
2017-06-25,9
2017-06-26,82
2017-06-27,53
2017-06-28,100
2017-06-29,65
2017-06-30,26
2017-07-01,12
2017-07-02,20
2017-07-03,23
2017-07-04,50
2017-07-05,54
2017-07-06,51
2017-07-07,97
2017-07-08,63
2017-07-09,44
2017-07-10,37
2017-07-11,55
2017-07-12,26
2017-07-13,65
2017-07-14,61
2017-07-15,21
2017-07-16,34
2017-07-17,48
2017-07-18,214
2017-07-19,129
2017-07-20,67
2017-07-21,99
2017-07-22,28
2017-07-23,40
2017-07-24,39
2017-07-25,77
2017-07-26,70
2017-07-27,66
2017-07-28,44
2017-07-29,27
2017-07-30,31
2017-07-31,66
2017-08-01,39
2017-08-02,31
2017-08-03,75
2017-08-04,26
2017-08-05,19
2017-08-06,24
2017-08-07,34
2017-08-08,43
2017-08-09,37
2017-08-10,73
2017-08-11,67
2017-08-12,63
2017-08-13,7
2017-08-14,26
2017-08-15,42
2017-08-16,184
2017-08-17,149
2017-08-18,95
2017-08-19,70
2017-08-20,97
2017-08-21,49
2017-08-22,63
2017-08-23,44
2017-08-24,60
2017-08-25,58
2017-08-26,18
2017-08-27,6
2017-08-28,57
2017-08-29,98
2017-08-30,110
2017-08-31,76
2017-09-01,49
2017-09-02,61
2017-09-03,9
2017-09-04,110
2017-09-05,31
2017-09-06,38
2017-09-07,49
2017-09-08,37
2017-09-09,75
2017-09-10,21
2017-09-11,36
2017-09-12,30
2017-09-13,67
2017-09-14,66
2017-09-15,66
2017-09-16,55
2017-09-17,60
2017-09-18,73
2017-09-19,55
2017-09-20,67
2017-09-21,75
2017-09-22,69
2017-09-23,26
2017-09-24,28
2017-09-25,51
2017-09-26,54
2017-09-27,35
2017-09-28,68
2017-09-29,49
2017-09-30,67
2017-10-01,32
2017-10-02,58
2017-10-03,47
2017-10-04,74
2017-10-05,50
2017-10-06,69
2017-10-07,50
2017-10-08,7
2017-10-09,50
2017-10-10,26
2017-10-11,32
2017-10-12,29
2017-10-13,29
2017-10-14,52
2017-10-15,37
2017-10-16,53
2017-10-17,72
2017-10-18,49
2017-10-19,54
2017-10-20,61
2017-10-21,78
2017-10-22,49
2017-10-23,49
2017-10-24,52
2017-10-25,62
2017-10-26,65
2017-10-27,74
2017-10-28,53
2017-10-29,11
2017-10-30,60
2017-10-31,50
2017-11-01,46
2017-11-02,56
2017-11-03,168
2017-11-04,138
2017-11-05,75
2017-11-06,49
2017-11-07,181
2017-11-08,65
2017-11-09,106
2017-11-10,30
2017-11-11,65
2017-11-12,55
2017-11-13,62
2017-11-14,71
2017-11-15,64
2017-11-16,55
2017-11-17,48
2017-11-18,45
2017-11-19,67
2017-11-20,46
2017-11-21,43
2017-11-22,37
2017-11-23,84
2017-11-24,34
2017-11-25,23
2017-11-26,74
2017-11-27,16
2017-11-28,55
2017-11-29,43
2017-11-30,12
2017-12-01,16
2017-12-02,24
2017-12-03,39
2017-12-04,31
2017-12-05,31
2017-12-06,29
2017-12-07,58
2017-12-08,84
2017-12-09,36
2017-12-10,60
2017-12-11,63
2017-12-12,40
2017-12-13,22
2017-12-14,34
2017-12-15,97
2017-12-16,32
2017-12-17,60
2017-12-18,55
2017-12-19,41
2017-12-20,53
2017-12-21,93
2017-12-22,51
2017-12-23,51
2017-12-24,87
2017-12-25,65
2017-12-26,51
2017-12-27,76
2017-12-28,50
2017-12-29,94
2017-12-30,56
2017-12-31,33
2018-01-01,9
2018-01-02,31
2018-01-03,31
2018-01-04,30
2018-01-05,82
2018-01-06,81
2018-01-07,7
2018-01-08,98
2018-01-09,41
2018-01-10,41
2018-01-11,54
2018-01-12,152
2018-01-13,91
2018-01-14,28
2018-01-15,53
2018-01-16,38
2018-01-17,62
2018-01-18,53
2018-01-19,55
2018-01-20,65
2018-01-21,61
2018-01-22,36
2018-01-23,60
2018-01-24,42
2018-01-25,90
2018-01-26,84
2018-01-27,34
2018-01-28,36
2018-01-29,106
2018-01-30,41
2018-01-31,16
2018-02-01,56
2018-02-02,34
2018-02-03,25
2018-02-04,34
2018-02-05,36
2018-02-06,36
2018-02-07,56
2018-02-08,64
2018-02-09,39
2018-02-10,59
2018-02-11,62
2018-02-12,47
2018-02-13,41
2018-02-14,43
2018-02-15,68
2018-02-16,29
2018-02-17,43
2018-02-18,23
2018-02-19,29
2018-02-20,26
2018-02-21,51
2018-02-22,30
2018-02-23,22
2018-02-24,55
2018-02-25,40
2018-02-26,41
2018-02-27,40
2018-02-28,69
2018-03-01,48
2018-03-02,26
2018-03-03,8
2018-03-04,14
2018-03-05,45
2018-03-06,77
2018-03-07,50
2018-03-08,25
2018-03-09,39
2018-03-10,64
2018-03-11,18
2018-03-12,44
2018-03-13,44
2018-03-14,27
2018-03-15,23
2018-03-16,69
2018-03-17,34
2018-03-18,46
2018-03-19,64
2018-03-20,48
2018-03-21,21
2018-03-22,23
2018-03-23,19
2018-03-24,15
2018-03-25,33
2018-03-26,36
2018-03-27,18
2018-03-28,34
2018-03-29,30
2018-03-30,46
2018-03-31,44
2018-04-01,24
2018-04-02,52
2018-04-03,20
2018-04-04,13
2018-04-05,50
2018-04-06,82
2018-04-07,9
2018-04-08,59
2018-04-09,48
2018-04-10,43
2018-04-11,29
2018-04-12,24
2018-04-13,51
2018-04-14,41
2018-04-15,19
2018-04-16,27
2018-04-17,10
2018-04-18,8
2018-04-19,33
2018-04-20,8
2018-04-21,70
2018-04-22,56
2018-04-23,30
2018-04-24,38
2018-04-25,15
2018-04-26,28
2018-04-27,51
2018-04-28,108
2018-04-29,50
2018-04-30,35
2018-05-01,20
2018-05-02,20
2018-05-03,23
2018-05-04,24
2018-05-05,47
2018-05-06,40
2018-05-07,17
2018-05-08,8
2018-05-09,26
2018-05-10,34
2018-05-11,56
2018-05-12,49
2018-05-13,47
2018-05-14,26
2018-05-15,19
2018-05-16,5
2018-05-17,34
2018-05-18,130
2018-05-19,181
2018-05-20,3
2018-05-21,23
2018-05-22,35
2018-05-23,16
2018-05-24,51
2018-05-25,54
2018-05-26,79
2018-05-27,25
2018-05-28,34
2018-05-29,25
2018-05-30,18
2018-05-31,50
2018-06-01,49
2018-06-02,50
2018-06-03,40
2018-06-04,41
2018-06-05,32
2018-06-06,18
2018-06-07,22
2018-06-08,76
2018-06-09,37
2018-06-10,17
2018-06-11,52
2018-06-12,49
2018-06-13,75
2018-06-14,27
2018-06-15,21
2018-06-16,29
2018-06-17,13
2018-06-18,18
2018-06-19,38
2018-06-20,27
2018-06-21,29
2018-06-22,34
2018-06-23,22
2018-06-24,7
2018-06-25,17
2018-06-26,36
2018-06-27,20
2018-06-28,22
2018-06-29,96
2018-06-30,33
2018-07-01,13
2018-07-02,33
2018-07-03,51
2018-07-04,22
2018-07-05,65
2018-07-06,14
2018-07-07,49
2018-07-08,21
2018-07-09,19
2018-07-10,9
2018-07-11,12
2018-07-12,5
2018-07-13,2
2018-07-14,131
2018-07-15,43
2018-07-16,11
2018-07-17,9
2018-07-18,14
2018-07-19,5
2018-07-20,4
2018-07-21,18
2018-07-22,12
2018-07-23,3
2018-07-25,5
2018-07-26,1
2018-07-27,116
2018-07-28,48
2018-07-29,61
2018-07-30,214
2018-07-31,189
2018-08-01,199
2018-08-02,169
2018-08-03,195
2018-08-04,196
2018-08-05,73
2018-08-06,239
2018-08-07,248
2018-08-08,205
2018-08-09,195
2018-08-10,195
2018-08-11,70
2018-08-12,80
2018-08-13,111
2018-08-14,212
2018-08-15,80
2018-08-16,116
2018-08-17,316
2018-08-18,5
2018-08-19,83
2018-08-20,83
2018-08-21,91
2018-08-22,145
2018-08-23,148
2018-08-24,133
2018-08-25,52
2018-08-26,13
2018-08-27,97
2018-08-28,128
2018-08-29,172
2018-08-30,176
2018-08-31,139
2018-09-01,34
2018-09-02,5
2018-09-03,97
2018-09-04,164
2018-09-05,125
2018-09-06,207
2018-09-07,122
2018-09-08,43
2018-09-09,82
2018-09-10,170
2018-09-11,163
2018-09-12,173
2018-09-13,274
2018-09-14,188
2018-09-15,154
2018-09-16,39
2018-09-17,212
2018-09-18,212
2018-09-19,124
2018-09-20,103
2018-09-21,109
2018-09-22,48
2018-09-23,52
2018-09-24,126
2018-09-25,186
2018-09-26,128
2018-09-27,94
2018-09-28,172
2018-09-29,81
2018-09-30,34
2018-10-01,117
2018-10-02,166
2018-10-03,142
2018-10-04,199
2018-10-05,148
2018-10-06,69
2018-10-07,88
2018-10-08,105
2018-10-09,134
2018-10-10,94
2018-10-11,171
2018-10-12,154
2018-10-13,42
2018-10-14,61
2018-10-15,211
2018-10-16,192
2018-10-17,427
2018-10-18,219
2018-10-19,159
2018-10-20,50
2018-10-21,98
2018-10-22,164
2018-10-23,174
2018-10-24,188
2018-10-25,85
2018-10-26,188
2018-10-27,70
2018-10-28,88
2018-10-29,169
2018-10-30,204
2018-10-31,225
2018-11-01,191
2018-11-02,130
2018-11-03,52
2018-11-04,37
2018-11-05,137
2018-11-06,142
2018-11-07,181
2018-11-08,175
2018-11-09,88
2018-11-10,88
2018-11-11,29
2018-11-12,150
2018-11-13,81
2018-11-14,133
2018-11-15,118
2018-11-16,118
2018-11-17,55
2018-11-18,30
2018-11-19,147
2018-11-20,109
2018-11-21,165
2018-11-22,103
2018-11-23,65
2018-11-24,17
2018-11-25,70
2018-11-26,183
2018-11-27,190
2018-11-28,116
2018-11-29,160
2018-11-30,185
2018-12-01,51
2018-12-02,90
2018-12-03,125
2018-12-04,184
2018-12-05,122
2018-12-06,232
2018-12-07,142
2018-12-08,38
2018-12-09,47
2018-12-10,226
2018-12-11,144
2018-12-12,185
2018-12-13,120
2018-12-14,126
2018-12-15,18
2018-12-16,80
2018-12-17,226
2018-12-18,121
2018-12-19,107
2018-12-20,142
2018-12-21,224
2018-12-22,150
2018-12-23,88
2018-12-24,76
2018-12-25,30
2018-12-26,50
2018-12-27,29
2018-12-28,47
2018-12-29,13
2018-12-30,13
2018-12-31,38
2019-01-01,37
2019-01-02,70
2019-01-03,119
2019-01-04,90
2019-01-05,97
2019-01-06,40
2019-01-07,99
2019-01-08,134
2019-01-09,137
2019-01-10,213
2019-01-11,149
2019-01-12,27
2019-01-13,18
2019-01-14,113
2019-01-15,111
2019-01-16,230
2019-01-17,108
2019-01-18,107
2019-01-19,108
2019-01-20,34
2019-01-21,108
2019-01-22,199
2019-01-23,240
2019-01-24,335
2019-01-25,136
2019-01-26,57
2019-01-27,76
2019-01-28,116
2019-01-29,297
2019-01-30,240
2019-01-31,167
2019-02-01,146
2019-02-02,65
2019-02-03,79
2019-02-04,147
2019-02-05,240
2019-02-06,162
2019-02-07,149
2019-02-08,179
2019-02-09,98
2019-02-10,59
2019-02-11,181
2019-02-12,198
2019-02-13,149
2019-02-14,145
2019-02-15,205
2019-02-16,82
2019-02-17,30
2019-02-18,152
2019-02-19,132
2019-02-20,105
2019-02-21,138
2019-02-22,223
2019-02-23,103
2019-02-24,29
2019-02-25,228
2019-02-26,229
2019-02-27,274
2019-02-28,198
2019-03-01,189
2019-03-02,21
2019-03-03,89
2019-03-04,106
2019-03-05,181
2019-03-06,225
2019-03-07,258
2019-03-08,285
2019-03-09,71
2019-03-10,48
2019-03-11,229
2019-03-12,160
2019-03-13,182
2019-03-14,203
2019-03-15,159
2019-03-16,37
2019-03-17,54
2019-03-18,254
2019-03-19,237
2019-03-20,236
2019-03-21,153
2019-03-22,209
2019-03-23,59
2019-03-24,56
2019-03-25,197
2019-03-26,185
2019-03-27,179
2019-03-28,190
2019-03-29,125
2019-03-30,63
2019-03-31,61
2019-04-01,249
2019-04-02,144
2019-04-03,183
2019-04-04,193
2019-04-05,190
2019-04-06,34
2019-04-07,73
2019-04-08,118
2019-04-09,197
2019-04-10,170
2019-04-11,98
2019-04-12,132
2019-04-13,35
2019-04-14,84
2019-04-15,175
2019-04-16,136
2019-04-17,111
2019-04-18,83
2019-04-19,87
2019-04-20,28
2019-04-21,48
2019-04-22,37
2019-04-23,103
2019-04-24,105
2019-04-25,7
2019-04-28,33
2019-04-29,104
2019-04-30,89
2019-05-01,72
2019-05-02,113
2019-05-03,142
2019-05-04,66
2019-05-05,98
2019-05-06,72
2019-05-07,81
2019-05-08,188
2019-05-09,164
2019-05-10,189
2019-05-11,71
2019-05-12,24
2019-05-13,134
2019-05-14,103
2019-05-15,134
2019-05-16,108
2019-05-17,159
2019-05-18,57
2019-05-19,41
2019-05-20,165
2019-05-21,188
2019-05-22,144
2019-05-23,203
2019-05-24,142
2019-05-25,46
2019-05-26,7
2019-05-27,107
2019-05-28,134
2019-05-29,118
2019-05-30,154
2019-05-31,176
2019-06-01,120
2019-06-02,85
2019-06-03,122
2019-06-04,204
2019-06-05,104
2019-06-06,112
2019-06-07,81
2019-06-08,12
2019-06-09,9
2019-06-10,168
2019-06-11,137
2019-06-12,136
2019-06-13,164
2019-06-14,220
2019-06-15,96
2019-06-16,33
2019-06-17,102
2019-06-18,91
2019-06-19,139
2019-06-20,110
2019-06-21,112
2019-06-22,49
2019-06-23,59
2019-06-24,93
2019-06-25,112
2019-06-26,101
2019-06-27,90
2019-06-28,53
2019-06-29,66
2019-06-30,27
2019-07-01,174
2019-07-02,98
2019-07-03,94
2019-07-04,119
2019-07-05,30
2019-07-06,39
2019-07-07,34
2019-07-08,75
2019-07-09,90
2019-07-10,103
2019-07-11,83
2019-07-12,91
2019-07-13,29
2019-07-14,58
2019-07-15,90
2019-07-16,124
2019-07-17,149
2019-07-18,88
2019-07-19,120
2019-07-20,86
2019-07-21,17
2019-07-22,61
2019-07-23,119
2019-07-24,134
2019-07-25,90
2019-07-26,73
2019-07-27,16
2019-07-28,15
2019-07-29,55
2019-07-30,88
2019-07-31,153
2019-08-01,127
2019-08-02,125
2019-08-03,108
2019-08-04,38
2019-08-05,61
2019-08-06,62
2019-08-07,69
2019-08-08,84
2019-08-09,75
2019-08-10,71
2019-08-11,84
2019-08-12,120
2019-08-13,108
2019-08-14,177
2019-08-15,124
2019-08-16,91
2019-08-17,7
2019-08-18,12
2019-08-19,85
2019-08-20,86
2019-08-21,105
2019-08-22,114
2019-08-23,48
2019-08-24,29
2019-08-25,29
2019-08-26,48
2019-08-27,113
2019-08-28,87
2019-08-29,101
2019-08-30,39
2019-08-31,126
2019-09-01,13
2019-09-02,55
2019-09-03,156
2019-09-04,89
2019-09-05,99
2019-09-06,79
2019-09-07,31
2019-09-08,68
2019-09-09,63
2019-09-10,84
2019-09-11,128
2019-09-12,86
2019-09-13,137
2019-09-14,73
2019-09-15,24
2019-09-16,118
2019-09-17,117
2019-09-18,105
2019-09-19,111
2019-09-20,106
2019-09-21,26
2019-09-22,35
2019-09-23,127
2019-09-24,147
2019-09-25,58
2019-09-26,53
2019-09-27,100
2019-09-28,15
2019-09-29,69
2019-09-30,138
2019-10-01,117
2019-10-02,81
2019-10-03,177
2019-10-04,97
2019-10-05,13
2019-10-06,42
2019-10-07,109
2019-10-08,119
2019-10-09,139
2019-10-10,128
2019-10-11,134
2019-10-12,41
2019-10-13,13
2019-10-14,107
2019-10-15,80
2019-10-16,147
2019-10-17,113
2019-10-18,135
2019-10-19,55
2019-10-20,32
2019-10-21,71
2019-10-22,106
2019-10-23,130
2019-10-24,85
2019-10-25,46
2019-10-26,62
2019-10-27,92
2019-10-28,102
2019-10-29,108
2019-10-30,142
2019-10-31,71
2019-11-01,92
2019-11-02,85
2019-11-03,38
2019-11-04,76
2019-11-05,143
2019-11-06,111
2019-11-07,98
2019-11-08,74
2019-11-09,93
2019-11-10,65
2019-11-11,85
2019-11-12,102
2019-11-13,96
2019-11-14,115
2019-11-15,97
2019-11-16,53
2019-11-17,22
2019-11-18,92
2019-11-19,97
2019-11-20,223
2019-11-21,211
2019-11-22,151
2019-11-23,58
2019-11-24,47
2019-11-25,108
2019-11-26,83
2019-11-27,97
2019-11-28,82
2019-11-29,78
2019-11-30,87
2019-12-01,78
2019-12-02,95
2019-12-03,107
2019-12-04,113
2019-12-05,168
2019-12-06,112
2019-12-07,89
2019-12-08,50
2019-12-09,95
2019-12-10,86
2019-12-11,101
2019-12-12,122
2019-12-13,58
2019-12-14,26
2019-12-15,59
2019-12-16,107
2019-12-17,103
2019-12-18,141
2019-12-19,138
2019-12-20,113
2019-12-21,112
2019-12-22,70
2019-12-23,141
2019-12-24,147
2019-12-25,42
2019-12-26,74
2019-12-27,118
2019-12-28,55
2019-12-29,56
2019-12-30,165
2019-12-31,97
2020-01-01,37
2020-01-02,34
2020-01-03,132
2020-01-04,43
2020-01-05,47
2020-01-06,92
2020-01-07,121
2020-01-08,142
2020-01-09,108
2020-01-10,123
2020-01-11,68
2020-01-12,68
2020-01-13,96
2020-01-14,220
2020-01-15,197
2020-01-16,145
2020-01-17,66
2020-01-18,74
2020-01-19,24
2020-01-20,84
2020-01-21,143
2020-01-22,125
2020-01-23,185
2020-01-24,70
2020-01-25,45
2020-01-26,27
2020-01-27,65
2020-01-28,100
2020-01-29,147
2020-01-30,81
2020-01-31,89
2020-02-01,42
2020-02-02,13
2020-02-03,83
2020-02-04,75
2020-02-05,99
2020-02-06,95
2020-02-07,110
2020-02-08,80
2020-02-09,76
2020-02-10,131
2020-02-11,145
2020-02-12,94
2020-02-13,51
2020-02-14,132
2020-02-15,102
2020-02-16,53
2020-02-17,194
2020-02-18,140
2020-02-19,201
2020-02-20,129
2020-02-21,126
2020-02-22,39
2020-02-23,62
2020-02-24,104
2020-02-25,114
2020-02-26,69
2020-02-27,121
2020-02-28,129
2020-02-29,47
2020-03-01,15
2020-03-02,145
2020-03-03,136
2020-03-04,98
2020-03-05,154
2020-03-06,84
2020-03-07,86
2020-03-08,66
2020-03-09,117
2020-03-10,132
2020-03-11,145
2020-03-12,74
2020-03-13,69
2020-03-14,96
2020-03-15,15
2020-03-16,73
2020-03-17,76
2020-03-18,138
2020-03-19,133
2020-03-20,62
2020-03-21,37
2020-03-22,69
2020-03-23,84
2020-03-24,112
2020-03-25,71
2020-03-26,69
2020-03-27,107
2020-03-28,104
2020-03-29,71
2020-03-30,65
2020-03-31,130
2020-04-01,114
2020-04-02,116
2020-04-03,58
2020-04-04,45
2020-04-05,16
2020-04-06,132
2020-04-07,99
2020-04-08,77
2020-04-09,212
2020-04-10,77
2020-04-11,28
2020-04-12,27
2020-04-13,64
2020-04-14,139
2020-04-15,108
2020-04-16,86
2020-04-17,118
2020-04-18,35
2020-04-19,33
2020-04-20,68
2020-04-21,134
2020-04-22,113
2020-04-23,86
2020-04-24,87
2020-04-25,142
2020-04-26,35
2020-04-27,73
2020-04-28,106
2020-04-29,174
2020-04-30,87
2020-05-01,79
2020-05-02,51
2020-05-03,41
2020-05-04,64
2020-05-05,103
2020-05-06,58
2020-05-07,66
2020-05-08,86
2020-05-09,42
2020-05-10,38
2020-05-11,111
2020-05-12,153
2020-05-13,155
2020-05-14,128
2020-05-15,36
2020-05-16,18
2020-05-17,113
2020-05-18,85
2020-05-19,88
2020-05-20,134
2020-05-21,143
2020-05-22,79
2020-05-23,50
2020-05-24,68
2020-05-25,86
2020-05-26,106
2020-05-27,66
2020-05-28,91
2020-05-29,101
2020-05-30,264
2020-05-31,149
2020-06-01,173
2020-06-02,138
2020-06-03,114
2020-06-04,119
2020-06-05,154
2020-06-06,66
2020-06-07,62
2020-06-08,199
2020-06-09,95
2020-06-10,128
2020-06-11,83
2020-06-12,82
2020-06-13,32
2020-06-14,123
2020-06-15,76
2020-06-16,128
2020-06-17,71
2020-06-18,104
2020-06-19,117
2020-06-20,54
2020-06-21,47
2020-06-22,103
2020-06-23,75
2020-06-24,139
2020-06-25,106
2020-06-26,131
2020-06-27,68
2020-06-28,72
2020-06-29,93
2020-06-30,122
2020-07-01,106
2020-07-02,62
2020-07-03,109
2020-07-04,85
2020-07-05,71
2020-07-06,83
2020-07-07,93
2020-07-08,128
2020-07-09,144
2020-07-10,96
2020-07-11,49
2020-07-12,17
2020-07-13,91
2020-07-14,115
2020-07-15,124
2020-07-16,133
2020-07-17,94
2020-07-18,32
2020-07-19,33
2020-07-20,111
2020-07-21,123
2020-07-22,163
2020-07-23,80
2020-07-24,113
2020-07-25,37
2020-07-26,51
2020-07-27,104
2020-07-28,108
2020-07-29,118
2020-07-30,133
2020-07-31,164
2020-08-01,76
2020-08-02,111
2020-08-03,169
2020-08-04,143
2020-08-05,156
2020-08-06,78
2020-08-07,147
2020-08-08,64
2020-08-09,89
2020-08-10,92
2020-08-11,114
2020-08-12,136
2020-08-13,153
2020-08-14,141
2020-08-15,138
2020-08-16,77
2020-08-17,88
2020-08-18,76
2020-08-19,64
2020-08-20,108
2020-08-21,75
2020-08-22,29
2020-08-23,83
2020-08-24,115
2020-08-25,163
2020-08-26,169
2020-08-27,88
2020-08-28,153
2020-08-29,78
2020-08-30,80
2020-08-31,175
2020-09-01,190
2020-09-02,97
2020-09-03,146
2020-09-04,142
2020-09-05,68
2020-09-06,70
2020-09-07,114
2020-09-08,165
2020-09-09,181
2020-09-10,160
2020-09-11,114
2020-09-12,68
2020-09-13,115
2020-09-14,152
2020-09-15,183
2020-09-16,129
2020-09-17,129
2020-09-18,132
2020-09-19,103
2020-09-20,55
2020-09-21,102
2020-09-22,101
2020-09-23,147
2020-09-24,205
2020-09-25,93
2020-09-26,65
2020-09-27,65
2020-09-28,125
2020-09-29,116
2020-09-30,69
2020-10-01,121
2020-10-02,135
2020-10-03,44
2020-10-04,49
2020-10-05,91
2020-10-06,124
2020-10-07,230
2020-10-08,244
2020-10-09,91
2020-10-10,38
2020-10-11,79
2020-10-12,103
2020-10-13,113
2020-10-14,351
2020-10-15,239
2020-10-16,90
2020-10-17,100
2020-10-18,61
2020-10-19,113
2020-10-20,180
2020-10-21,112
2020-10-22,110
2020-10-23,61
2020-10-24,54
2020-10-25,60
2020-10-26,106
2020-10-27,115
2020-10-28,81
2020-10-29,150
2020-10-30,175
2020-10-31,21
2020-11-01,82
2020-11-02,145
2020-11-03,102
2020-11-04,90
2020-11-05,122
2020-11-06,195
2020-11-07,144
2020-11-08,117
2020-11-09,97
2020-11-10,150
2020-11-11,121
2020-11-12,111
2020-11-13,223
2020-11-14,80
2020-11-15,57
2020-11-16,245
2020-11-17,225
2020-11-18,365
2020-11-19,668
2020-11-20,435
2020-11-21,96
2020-11-22,33
2020-11-23,379
2020-11-24,348
2020-11-25,523
2020-11-26,445
2020-11-27,649
2020-11-28,190
2020-11-29,53
2020-11-30,471
2020-12-01,293
2020-12-02,176
2020-12-03,274
2020-12-04,125
2020-12-05,156
2020-12-06,50
2020-12-07,274
2020-12-08,413
2020-12-09,173
2020-12-10,113
2020-12-11,146
2020-12-12,125
2020-12-13,65
2020-12-14,441
2020-12-15,173
2020-12-16,152
2020-12-17,264
2020-12-18,169
2020-12-19,49
2020-12-20,58
2020-12-21,283
2020-12-22,115
2020-12-23,149
2020-12-24,126
2020-12-25,30
2020-12-26,78
2020-12-27,35
2020-12-28,178
2020-12-29,40
2020-12-30,65
2020-12-31,113
2021-01-01,53
2021-01-02,48
2021-01-03,42
2021-01-04,211
2021-01-05,153
2021-01-06,108
2021-01-07,85
2021-01-08,88
2021-01-09,60
2021-01-10,143
2021-01-11,147
2021-01-12,109
2021-01-13,146
2021-01-14,97
2021-01-15,89
2021-01-16,121
2021-01-17,136
2021-01-18,169
2021-01-19,230
2021-01-20,151
2021-01-21,142
2021-01-22,148
2021-01-23,321
2021-01-24,263
2021-01-25,595
2021-01-26,451
2021-01-27,960
2021-01-28,427
2021-01-29,116
2021-01-30,393
2021-01-31,352
2021-02-01,144
2021-02-02,718
2021-02-03,812
2021-02-04,845
2021-02-05,967
2021-02-06,242
2021-02-07,90
2021-02-08,250
2021-02-09,90
2021-02-10,146
2021-02-11,110
2021-02-12,110
2021-02-13,85
2021-02-14,104
2021-02-15,154
2021-02-16,166
2021-02-17,204
2021-02-18,300
2021-02-19,278
2021-02-20,190
2021-02-21,80
2021-02-22,188
2021-02-23,173
2021-02-24,116
2021-02-25,140
2021-02-26,427
2021-02-27,87
2021-02-28,69
2021-03-01,199
2021-03-02,222
2021-03-03,92
2021-03-04,596
2021-03-05,108
2021-03-06,98
2021-03-07,66
2021-03-08,604
2021-03-09,496
2021-03-10,208
2021-03-11,144
2021-03-12,193
2021-03-13,98
2021-03-14,79
2021-03-15,219
2021-03-16,147
2021-03-17,150
2021-03-18,346
2021-03-19,204
2021-03-20,89
2021-03-21,87
2021-03-22,117
2021-03-23,206
2021-03-24,151
2021-03-25,283
2021-03-26,515
2021-03-27,146
2021-03-28,209
2021-03-29,188
2021-03-30,137
2021-03-31,236
2021-04-01,356
2021-04-02,164
2021-04-03,174
2021-04-04,80
2021-04-05,146
2021-04-06,145
2021-04-07,187
2021-04-08,151
2021-04-09,224
2021-04-10,90
2021-04-11,70
2021-04-12,190
2021-04-13,290
2021-04-14,176
2021-04-15,172
2021-04-16,338
2021-04-17,89
2021-04-18,85
2021-04-19,126
2021-04-20,220
2021-04-21,364
2021-04-22,163
2021-04-23,324
2021-04-24,138
2021-04-25,102
2021-04-26,262
2021-04-27,2089
2021-04-28,327
2021-04-29,225
2021-04-30,234
2021-05-01,69
2021-05-02,41
2021-05-03,161
2021-05-04,230
2021-05-05,128
2021-05-06,382
2021-05-07,186
2021-05-08,123
2021-05-09,71
2021-05-10,506
2021-05-11,400
2021-05-12,580
2021-05-13,115
2021-05-14,274
2021-05-15,84
2021-05-16,74
2021-05-17,238
2021-05-18,138
2021-05-19,165
2021-05-20,302
2021-05-21,381
2021-05-22,45
2021-05-23,35
2021-05-24,154
2021-05-25,169
2021-05-26,130
2021-05-27,146
2021-05-28,158
2021-05-29,50
2021-05-30,53
2021-05-31,82
2021-06-01,887
2021-06-02,233
2021-06-03,175
2021-06-04,198
2021-06-05,86
2021-06-06,141
2021-06-07,368
2021-06-08,106
2021-06-09,320
2021-06-10,171
2021-06-11,145
2021-06-12,84
2021-06-13,39
2021-06-14,148
2021-06-15,176
2021-06-16,149
2021-06-17,154
2021-06-18,125
2021-06-19,91
2021-06-20,94
2021-06-21,238
2021-06-22,145
2021-06-23,212
2021-06-24,134
2021-06-25,133
2021-06-26,64
2021-06-27,54
2021-06-28,156
2021-06-29,347
2021-06-30,225
2021-07-01,255
2021-07-02,281
2021-07-03,84
2021-07-04,55
2021-07-05,288
2021-07-06,245
2021-07-07,215
2021-07-08,204
2021-07-09,221
2021-07-10,108
2021-07-11,263
2021-07-12,179
2021-07-13,151
2021-07-14,204
2021-07-15,178
2021-07-16,100
2021-07-17,58
2021-07-18,97
2021-07-19,134
2021-07-20,245
2021-07-21,177
2021-07-22,181
2021-07-23,214
2021-07-24,33
2021-07-25,121
2021-07-26,257
2021-07-27,247
2021-07-28,112
2021-07-29,142
2021-07-30,310
2021-07-31,82
2021-08-01,52
2021-08-02,161
2021-08-03,195
2021-08-04,201
2021-08-05,221
2021-08-06,145
2021-08-07,64
2021-08-08,78
2021-08-09,289
2021-08-10,163
2021-08-11,168
2021-08-12,155
2021-08-13,125
2021-08-14,97
2021-08-15,27
2021-08-16,111
2021-08-17,322
2021-08-18,126
2021-08-19,106
2021-08-20,179
2021-08-21,68
2021-08-22,74
2021-08-23,170
2021-08-24,187
2021-08-25,166
2021-08-26,255
2021-08-27,326
2021-08-28,95
2021-08-29,89
2021-08-30,449
2021-08-31,249
2021-09-01,264
2021-09-02,328
2021-09-03,211
2021-09-04,255
2021-09-05,61
2021-09-06,174
2021-09-07,130
2021-09-08,112
2021-09-09,147
2021-09-10,167
2021-09-11,56
2021-09-12,80
2021-09-13,414
2021-09-14,146
2021-09-15,127
2021-09-16,153
2021-09-17,385
2021-09-18,82
2021-09-19,32
2021-09-20,132
2021-09-21,266
2021-09-22,294
2021-09-23,150
2021-09-24,416
2021-09-25,192
2021-09-26,357
2021-09-27,211
2021-09-28,195
2021-09-29,283
2021-09-30,223
2021-10-01,166
2021-10-02,110
2021-10-03,58
2021-10-04,147
2021-10-05,251
2021-10-06,237
2021-10-07,173
2021-10-08,117
2021-10-09,91
2021-10-10,508
2021-10-11,705
2021-10-12,965
2021-10-13,152
2021-10-14,1447
2021-10-15,228
2021-10-16,90
2021-10-17,91
2021-10-18,213
2021-10-19,327
2021-10-20,306
2021-10-21,166
2021-10-22,258
2021-10-23,65
2021-10-24,154
2021-10-25,259
2021-10-26,149
2021-10-27,191
2021-10-28,276
2021-10-29,222
2021-10-30,195
2021-10-31,39
2021-11-01,222
2021-11-02,221
2021-11-03,205
2021-11-04,210
2021-11-05,690
2021-11-06,649
2021-11-07,52
2021-11-08,216
2021-11-09,237
2021-11-10,248
2021-11-11,505
2021-11-12,1996
2021-11-13,192
2021-11-14,34
2021-11-15,321
2021-11-16,303
2021-11-17,214
2021-11-18,205
2021-11-19,514
2021-11-20,219
2021-11-21,58
2021-11-22,357
2021-11-23,497
2021-11-24,649
2021-11-25,174
2021-11-26,125
2021-11-27,128
2021-11-28,92
2021-11-29,302
2021-11-30,217
2021-12-01,376
2021-12-02,452
2021-12-03,858
2021-12-04,179
2021-12-05,115
2021-12-06,148
2021-12-07,743
2021-12-08,476
2021-12-09,531
2021-12-10,476
2021-12-11,98
2021-12-12,54
2021-12-13,208
2021-12-14,218
2021-12-15,323
2021-12-16,247
2021-12-17,221
2021-12-18,128
2021-12-19,35
2021-12-20,246
2021-12-21,196
2021-12-22,185
2021-12-23,190
2021-12-24,152
2021-12-25,93
2021-12-26,38
2021-12-27,78
2021-12-28,143
2021-12-29,66
2021-12-30,57
2021-12-31,347
2022-01-01,65
2022-01-02,70
2022-01-03,166
2022-01-04,272
2022-01-05,239
2022-01-06,299
2022-01-07,243
2022-01-08,72
2022-01-09,117
2022-01-10,212
2022-01-11,266
2022-01-12,363
2022-01-13,206
2022-01-14,277
2022-01-15,73
2022-01-16,53
2022-01-17,187
2022-01-18,188
2022-01-19,221
2022-01-20,264
2022-01-21,133
2022-01-22,97
2022-01-23,65
2022-01-24,257
2022-01-25,174
2022-01-26,279
2022-01-27,126
2022-01-28,263
2022-01-29,281
2022-01-30,113
2022-01-31,245
2022-02-01,167
2022-02-02,418
2022-02-03,288
2022-02-04,379
2022-02-05,148
2022-02-06,194
2022-02-07,236
2022-02-08,334
2022-02-09,289
2022-02-10,302
2022-02-11,163
2022-02-12,69
2022-02-13,81
2022-02-14,476
2022-02-15,212
2022-02-16,560
2022-02-17,371
2022-02-18,1008
2022-02-19,50
2022-02-20,75
2022-02-21,250
2022-02-22,426
2022-02-23,269
2022-02-24,210
2022-02-25,117
2022-02-26,140
2022-02-27,88
2022-02-28,218
2022-03-01,228
2022-03-02,176
2022-03-03,250
2022-03-04,377
2022-03-05,325
2022-03-06,208
2022-03-07,228
2022-03-08,226
2022-03-09,347
2022-03-10,271
2022-03-11,332
2022-03-12,105
2022-03-13,156
2022-03-14,292
2022-03-15,293
2022-03-16,421
2022-03-17,325
2022-03-18,305
2022-03-19,56
2022-03-20,50
2022-03-21,312
2022-03-22,557
2022-03-23,790
2022-03-24,721
2022-03-25,406
2022-03-26,159
2022-03-27,101
2022-03-28,315
2022-03-29,213
2022-03-30,300
2022-03-31,304
2022-04-01,896
2022-04-02,77
2022-04-03,105
2022-04-04,295
2022-04-05,341
2022-04-06,421
2022-04-07,360
2022-04-08,367
2022-04-09,111
2022-04-10,85
2022-04-11,234
2022-04-12,316
2022-04-13,186
2022-04-14,160
2022-04-15,179
2022-04-16,84
2022-04-17,36
2022-04-18,199
2022-04-19,239
2022-04-20,252
2022-04-21,281
2022-04-22,305
2022-04-23,27
2022-04-24,105
2022-04-25,378
2022-04-26,417
2022-04-27,488
2022-04-28,781
2022-04-29,349
2022-04-30,52
2022-05-01,29
2022-05-02,170
2022-05-03,261
2022-05-04,233
2022-05-05,322
2022-05-06,256
2022-05-07,176
2022-05-08,88
2022-05-09,222
2022-05-10,169
2022-05-11,171
2022-05-12,241
2022-05-13,488
2022-05-14,736
2022-05-15,703
2022-05-16,2143
2022-05-17,4305
2022-05-18,3804
2022-05-19,3178
2022-05-20,3126
2022-05-21,2023
2022-05-22,3981
2022-05-23,5101
2022-05-24,5011
2022-05-25,4500
2022-05-26,4384
2022-05-27,3339
2022-05-28,4103
2022-05-29,3271
2022-05-30,3183
2022-05-31,1219
2022-06-01,427
2022-06-02,911
2022-06-03,4704
2022-06-04,1051
2022-06-05,81
2022-06-06,325
2022-06-07,1626
2022-06-08,5386
2022-06-09,5366
2022-06-10,4325
2022-06-11,3871
2022-06-12,2117
2022-06-13,3403
2022-06-14,4935
2022-06-15,4761
2022-06-16,5552
2022-06-17,4269
2022-06-18,6954
2022-06-19,5600
2022-06-20,4680
2022-06-21,6569
2022-06-22,5823
2022-06-23,6764
2022-06-24,3916
2022-06-25,7108
2022-06-26,1804
2022-06-27,4474
2022-06-28,4611
2022-06-29,1917
2022-06-30,2999
2022-07-01,1713
2022-07-02,130
2022-07-03,107
2022-07-04,242
2022-07-05,1581
2022-07-06,4788
2022-07-07,2458
2022-07-08,1364
2022-07-09,1363
2022-07-10,2214
2022-07-11,2046
2022-07-12,1896
2022-07-13,2176
2022-07-14,2609
2022-07-15,2906
2022-07-16,1226
2022-07-17,120
2022-07-18,297
2022-07-19,335
2022-07-20,465
2022-07-21,505
2022-07-22,351
2022-07-23,398
2022-07-24,649
2022-07-25,536
2022-07-26,641
2022-07-27,1239
2022-07-28,748
2022-07-29,2483
2022-07-30,1675
2022-07-31,616
2022-08-01,1544
2022-08-02,3748
2022-08-03,2675
2022-08-04,2592
2022-08-05,3781
2022-08-06,4455
2022-08-07,3577
2022-08-08,1569
2022-08-09,4559
2022-08-10,2907
2022-08-11,2830
2022-08-12,4164
2022-08-13,2758
2022-08-14,3743
2022-08-15,1508
2022-08-16,4340
2022-08-17,2964
2022-08-18,2841
2022-08-19,2197
2022-08-20,918
2022-08-21,2842
2022-08-22,2980
2022-08-23,1820
2022-08-24,3543
2022-08-25,4373
2022-08-26,1032
2022-08-27,113
2022-08-28,197
2022-08-29,422
2022-08-30,704
2022-08-31,364
2022-09-01,450
2022-09-02,274
2022-09-03,74
2022-09-04,170
2022-09-05,241
2022-09-06,384
2022-09-07,364
2022-09-08,411
2022-09-09,514
2022-09-10,220
2022-09-11,383
2022-09-12,424
2022-09-13,566
2022-09-14,352
2022-09-15,2067
2022-09-16,338
2022-09-17,72
2022-09-18,228
2022-09-19,534
2022-09-20,644
2022-09-21,414
2022-09-22,519
2022-09-23,756
2022-09-24,119
2022-09-25,302
2022-09-26,686
2022-09-27,330
2022-09-28,270
2022-09-29,516
2022-09-30,233
2022-10-01,79
2022-10-02,225
2022-10-03,368
2022-10-04,583
2022-10-05,208
2022-10-06,288
2022-10-07,299
2022-10-08,82
2022-10-09,138
2022-10-10,1097
2022-10-11,523
2022-10-12,549
2022-10-13,1057
2022-10-14,4857
2022-10-15,1968
2022-10-16,339
2022-10-17,674
2022-10-18,1283
2022-10-19,823
2022-10-20,312
2022-10-21,271
2022-10-22,1249
2022-10-23,255
2022-10-24,11194
2022-10-25,254
2022-10-26,617
2022-10-27,405
2022-10-28,347
2022-10-29,57
2022-10-30,197
2022-10-31,1376
2022-11-01,585
2022-11-02,282
2022-11-03,887
2022-11-04,323
2022-11-05,88
2022-11-06,798
2022-11-07,297
2022-11-08,384
2022-11-09,223
2022-11-10,1357
2022-11-11,217
2022-11-12,151
2022-11-13,148
2022-11-14,281
2022-11-15,591
2022-11-16,211
2022-11-17,366
2022-11-18,334
2022-11-19,185
2022-11-20,179
2022-11-21,433
2022-11-22,737
2022-11-23,580
2022-11-24,205
2022-11-25,172
2022-11-26,192
2022-11-27,212
2022-11-28,247
2022-11-29,267
2022-11-30,575
2022-12-01,329
2022-12-02,229
2022-12-03,79
2022-12-04,133
2022-12-05,265
2022-12-06,239
2022-12-07,242
2022-12-08,490
2022-12-09,511
2022-12-10,228
2022-12-11,239
2022-12-12,4033
2022-12-13,411
2022-12-14,6110
2022-12-15,607
2022-12-16,224
2022-12-17,88
2022-12-18,181
2022-12-19,255
2022-12-20,784
2022-12-21,232
2022-12-22,164
2022-12-23,16198
2022-12-24,43
2022-12-25,130
2022-12-26,1890
2022-12-27,5963
2022-12-28,7155
2022-12-29,191
2022-12-30,1426
2022-12-31,30
2023-01-01,137
2023-01-02,1424
2023-01-03,120
2023-01-04,4077
2023-01-05,786
2023-01-06,1621
2023-01-07,656
2023-01-08,557
2023-01-09,4950
2023-01-10,3754
2023-01-11,2235
2023-01-12,219
2023-01-13,1845
2023-01-14,2968
2023-01-15,137
2023-01-16,197
2023-01-17,929
2023-01-18,5891
2023-01-19,2255
2023-01-20,3811
2023-01-21,157
2023-01-22,211
2023-01-23,276
2023-01-24,380
2023-01-25,242
2023-01-26,223
2023-01-27,226
2023-01-28,54
2023-01-29,73
2023-01-30,256
2023-01-31,208
2023-02-01,292
2023-02-02,286
2023-02-03,416
2023-02-04,310
2023-02-05,445
2023-02-06,217
2023-02-07,7517
2023-02-08,348
2023-02-09,245
2023-02-10,244
2023-02-11,175
2023-02-12,132
2023-02-13,291
2023-02-14,502
2023-02-15,480
2023-02-16,425
2023-02-17,282
2023-02-18,127
2023-02-19,176
2023-02-20,763
2023-02-21,632
2023-02-22,350
2023-02-23,382
2023-02-24,8479
2023-02-25,3954
2023-02-26,158
2023-02-27,242
2023-02-28,273
2023-03-01,227
2023-03-02,282
2023-03-03,407
2023-03-04,104
2023-03-05,221
2023-03-06,375
2023-03-07,404
2023-03-08,1030
2023-03-09,723
2023-03-10,467
2023-03-11,157
2023-03-12,1144
2023-03-13,673
2023-03-14,412
2023-03-15,351
2023-03-16,331
2023-03-17,525
2023-03-18,129
2023-03-19,439
2023-03-20,539
2023-03-21,389
2023-03-22,484
2023-03-23,573
2023-03-24,434
2023-03-25,519
2023-03-26,348
2023-03-27,1171
2023-03-28,1359
2023-03-29,2538
2023-03-30,4936
2023-03-31,1928
2023-04-01,1151
2023-04-02,2070
2023-04-03,713
2023-04-04,1673
2023-04-05,1881
2023-04-06,857
2023-04-07,423
2023-04-08,333
2023-04-09,693
2023-04-10,879
2023-04-11,1534
2023-04-12,953
2023-04-13,661
2023-04-14,1779
2023-04-15,11265
2023-04-16,9103
2023-04-17,2039
2023-04-18,281
2023-04-19,632
2023-04-20,622
2023-04-21,302
2023-04-22,76
2023-04-23,153
2023-04-24,338
2023-04-25,397
2023-04-26,422
2023-04-27,581
2023-04-28,249
2023-04-29,118
2023-04-30,123
2023-05-01,430
2023-05-02,323
2023-05-03,244
2023-05-04,261
2023-05-05,295
2023-05-06,455
2023-05-07,122
2023-05-08,235
2023-05-09,10650
2023-05-10,3305
2023-05-11,787
2023-05-12,220
2023-05-13,113
2023-05-14,140
2023-05-15,371
2023-05-16,2816
2023-05-17,1502
2023-05-18,3776
2023-05-19,3611
2023-05-20,7836
2023-05-21,337
2023-05-22,4695
2023-05-23,486
2023-05-24,852
2023-05-25,5841
2023-05-26,9665
2023-05-27,1201
2023-05-28,136
2023-05-29,976
2023-05-30,669
2023-05-31,7232
2023-06-01,21957
2023-06-02,259
2023-06-03,105
2023-06-04,122
2023-06-05,433
2023-06-06,1094
2023-06-07,470
2023-06-08,2023
2023-06-09,1847
2023-06-10,1798
2023-06-11,5894
2023-06-12,1616
2023-06-13,542
2023-06-14,7333
2023-06-15,649
2023-06-16,257
2023-06-17,2413
2023-06-18,139
2023-06-19,213
2023-06-20,263
2023-06-21,262
2023-06-22,221
2023-06-23,403
2023-06-24,3147
2023-06-25,11822
2023-06-26,5026
2023-06-27,10554
2023-06-28,908
2023-06-29,13630
2023-06-30,12106
2023-07-01,4225
2023-07-02,152
2023-07-03,308
2023-07-04,2465
2023-07-05,525
2023-07-06,935
2023-07-07,1122
2023-07-08,3939
2023-07-09,119
2023-07-10,583
2023-07-11,641
2023-07-12,2094
2023-07-13,591
2023-07-14,965
2023-07-15,1349
2023-07-16,1103
2023-07-17,853
2023-07-18,998
2023-07-19,458
2023-07-20,229
2023-07-21,179
2023-07-22,66
2023-07-23,126
2023-07-24,223
2023-07-25,227
2023-07-26,248
2023-07-27,272
2023-07-28,260
2023-07-29,111
2023-07-30,117
2023-07-31,172
2023-08-01,5066
2023-08-02,2137
2023-08-03,243
2023-08-04,3259
2023-08-05,254
2023-08-06,197
2023-08-07,310
2023-08-08,2270
2023-08-09,1567
2023-08-10,355
2023-08-11,325
2023-08-12,117
2023-08-13,166
2023-08-14,323
2023-08-15,372
2023-08-16,320
2023-08-17,287
2023-08-18,193
2023-08-19,101
2023-08-20,101
2023-08-21,235
2023-08-22,357
2023-08-23,284
2023-08-24,360
2023-08-25,246
2023-08-26,96
2023-08-27,216
2023-08-28,268
2023-08-29,243
2023-08-30,276
2023-08-31,209
2023-09-01,229
2023-09-02,88
2023-09-03,107
2023-09-04,157
2023-09-05,238
2023-09-06,354
2023-09-07,331
2023-09-08,319
2023-09-09,70
2023-09-10,122
2023-09-11,317
2023-09-12,238
2023-09-13,299
2023-09-14,234
2023-09-15,301
2023-09-16,93
2023-09-17,60
2023-09-18,158
2023-09-19,216
2023-09-20,296
2023-09-21,380
2023-09-22,434
2023-09-23,132
2023-09-24,192
2023-09-25,360
2023-09-26,418
2023-09-27,288
2023-09-28,246
2023-09-29,325
2023-09-30,139
2023-10-01,133
2023-10-02,311
2023-10-03,365
2023-10-04,424
2023-10-05,436
2023-10-06,290
2023-10-07,94
2023-10-08,308
2023-10-09,397
2023-10-10,460
2023-10-11,312
2023-10-12,461
2023-10-13,492
2023-10-14,107
2023-10-15,171
2023-10-16,391
2023-10-17,877
2023-10-18,407
2023-10-19,889
2023-10-20,1073
2023-10-21,195
2023-10-22,175
2023-10-23,728
2023-10-24,839
2023-10-25,689
2023-10-26,578
2023-10-27,598
2023-10-28,197
2023-10-29,158
2023-10-30,1642
2023-10-31,2337
2023-11-01,727
2023-11-02,530
2023-11-03,881
2023-11-04,107
2023-11-05,113
2023-11-06,362
2023-11-07,343
2023-11-08,438
2023-11-09,279
2023-11-10,269
2023-11-11,177
2023-11-12,117
2023-11-13,1277
2023-11-14,453
2023-11-15,569
2023-11-16,358
2023-11-17,1091
2023-11-18,171
2023-11-19,158
2023-11-20,584
2023-11-21,316
2023-11-22,354
2023-11-23,300