date,author,prs
2015-09-03 14:42:34+00:00,guillermo-carrasco,1
2015-09-10 20:59:00+00:00,guillermo-carrasco,1
2015-09-15 16:32:32+00:00,ewels,1
2015-09-16 10:30:12+00:00,ewels,1
2015-09-25 07:45:16+00:00,moonso,1
2015-09-27 10:42:37+00:00,moonso,1
2015-09-28 10:23:24+00:00,moonso,1
2015-09-28 12:26:07+00:00,robinandeer,1
2015-09-30 13:51:16+00:00,gitter-badger,1
2015-10-06 16:14:16+00:00,ewels,1
2015-10-06 20:28:09+00:00,ewels,1
2015-10-07 09:01:47+00:00,ewels,1
2015-10-12 12:45:29+00:00,ewels,1
2015-10-13 12:12:57+00:00,ewels,1
2015-10-14 12:04:44+00:00,avilella,1
2015-10-16 16:18:35+00:00,ewels,1
2015-10-22 13:46:37+00:00,ewels,1
2015-10-26 15:48:50+00:00,ewels,1
2015-11-06 11:23:57+00:00,ewels,1
2015-11-07 12:53:59+00:00,ewels,1
2015-11-07 13:00:20+00:00,ewels,1
2015-11-10 23:30:36+00:00,ewels,1
2015-11-24 13:32:20+00:00,ewels,1
2015-12-14 14:19:46+00:00,avilella,1
2016-02-04 14:45:36+00:00,ewels,1
2016-02-05 23:57:34+00:00,ewels,1
2016-02-17 08:47:12+00:00,dakl,1
2016-02-17 08:47:31+00:00,dakl,1
2016-03-09 09:58:02+00:00,ewels,1
2016-03-14 15:46:55+00:00,lpantano,1
2016-03-15 13:59:52+00:00,ewels,1
2016-03-18 16:37:55+00:00,ewels,1
2016-04-07 15:13:21+00:00,ewels,1
2016-04-08 15:09:05+00:00,ewels,1
2016-04-17 09:27:32+00:00,chapmanb,1
2016-04-20 15:49:20+00:00,ewels,1
2016-04-21 13:40:26+00:00,lpantano,1
2016-04-21 14:34:15+00:00,ewels,1
2016-04-27 21:36:38+00:00,ewels,1
2016-05-03 08:29:45+00:00,dakl,1
2016-05-03 15:46:48+00:00,ewels,1
2016-05-05 18:49:57+00:00,lpantano,1
2016-05-08 15:23:27+00:00,slowkow,1
2016-05-17 17:21:06+00:00,lpantano,1
2016-05-27 14:05:21+00:00,avilella,1
2016-05-31 11:59:14+00:00,dakl,1
2016-06-10 12:07:11+00:00,dakl,1
2016-06-14 17:23:59+00:00,ewels,1
2016-06-26 17:58:45+00:00,ewels,1
2016-07-04 09:53:17+00:00,ewels,1
2016-07-05 14:35:35+00:00,lpantano,1
2016-07-06 16:32:18+00:00,robinandeer,1
2016-07-06 21:33:49+00:00,robinandeer,1
2016-07-07 14:10:15+00:00,robinandeer,1
2016-07-07 16:21:27+00:00,HLWiencko,1
2016-07-07 18:08:42+00:00,lpantano,1
2016-07-07 20:25:45+00:00,mlusignan,1
2016-07-14 11:19:45+00:00,brainstorm,1
2016-07-15 09:05:15+00:00,brainstorm,1
2016-07-18 13:01:07+00:00,brainstorm,1
2016-07-27 10:59:43+00:00,avilella,1
2016-08-23 13:51:39+00:00,lpantano,1
2016-08-31 06:15:12+00:00,chapmanb,1
2016-09-16 14:11:25+00:00,Hammarn,1
2016-09-19 09:08:39+00:00,koelling,1
2016-10-11 12:39:42+00:00,avilella,1
2016-10-11 13:08:05+00:00,avilella,1
2016-10-22 02:22:59+00:00,vladsavelyev,1
2016-10-29 22:21:14+00:00,vladsavelyev,1
2016-11-04 08:48:22+00:00,boulund,1
2016-11-04 14:35:30+00:00,ewels,1
2016-11-21 15:07:11+00:00,Hammarn,1
2016-11-23 10:28:46+00:00,Hammarn,1
2016-11-28 11:38:00+00:00,t-neumann,1
2016-11-29 13:39:04+00:00,Hammarn,1
2016-12-07 14:34:30+00:00,tbooth,1
2016-12-07 15:30:03+00:00,vladsavelyev,1
2016-12-14 22:03:18+00:00,vladsavelyev,1
2016-12-15 13:53:13+00:00,ewels,1
2016-12-16 13:39:18+00:00,ewels,1
2016-12-20 10:59:02+00:00,t-neumann,1
2016-12-20 19:12:41+00:00,epruesse,1
2016-12-20 23:28:14+00:00,epruesse,1
2016-12-20 23:36:43+00:00,epruesse,1
2016-12-21 17:09:51+00:00,epruesse,1
2016-12-21 18:38:56+00:00,tbooth,1
2016-12-26 12:07:54+00:00,wwood,1
2017-01-01 11:22:03+00:00,chapmanb,1
2017-01-04 12:37:51+00:00,tbooth,1
2017-01-05 10:07:04+00:00,thorellk,1
2017-01-06 15:21:11+00:00,roryk,1
2017-01-11 14:55:00+00:00,chapmanb,1
2017-02-12 10:28:58+00:00,chapmanb,1
2017-02-15 18:30:11+00:00,tdido,1
2017-02-20 09:14:52+00:00,varemo,1
2017-02-20 10:57:14+00:00,Galithil,1
2017-03-06 15:51:24+00:00,chapmanb,1
2017-03-13 12:07:32+00:00,percyfal,1
2017-03-21 22:31:10+00:00,vladsavelyev,1
2017-03-28 18:31:53+00:00,epruesse,1
2017-03-29 20:00:23+00:00,epruesse,1
2017-04-01 17:41:16+00:00,ahvigil,1
2017-04-05 08:03:46+00:00,viklund,1
2017-04-10 09:53:30+00:00,alexanderscholz,1
2017-04-10 17:56:10+00:00,vladsavelyev,1
2017-04-13 12:33:52+00:00,bschiffthaler,1
2017-04-19 11:18:17+00:00,ewels,1
2017-04-25 13:17:35+00:00,vladsavelyev,1
2017-04-25 14:10:17+00:00,ewels,1
2017-05-09 14:45:11+00:00,marcelm,1
2017-05-15 21:47:02+00:00,vladsavelyev,1
2017-05-22 15:24:31+00:00,Hammarn,1
2017-05-25 21:06:38+00:00,vladsavelyev,1
2017-06-05 08:50:33+00:00,vezzi,1
2017-06-23 08:57:35+00:00,nalcala,1
2017-06-27 12:48:25+00:00,jrderuiter,1
2017-07-07 15:18:12+00:00,daler,1
2017-07-10 23:26:58+00:00,vladsavelyev,1
2017-07-13 09:49:50+00:00,jyh1,1
2017-07-20 13:39:06+00:00,robinandeer,1
2017-07-20 14:33:06+00:00,asetGem,1
2017-07-20 14:33:25+00:00,tbooth,1
2017-07-20 14:48:07+00:00,ddesvillechabrol,1
2017-07-20 15:10:04+00:00,asetGem,1
2017-07-20 15:35:33+00:00,DennisSchwartz,1
2017-07-20 15:37:46+00:00,tabwalsh,1
2017-07-20 16:00:41+00:00,ddesvillechabrol,1
2017-07-21 07:41:14+00:00,Hammarn,1
2017-07-21 08:46:15+00:00,ddesvillechabrol,1
2017-07-21 10:23:32+00:00,mwhamgenomics,1
2017-07-21 12:27:41+00:00,robinandeer,1
2017-07-21 12:35:45+00:00,iimog,1
2017-07-21 13:31:36+00:00,iimog,1
2017-07-21 13:55:09+00:00,DennisSchwartz,1
2017-07-21 14:47:23+00:00,iimog,1
2017-07-21 16:09:30+00:00,raonyguimaraes,1
2017-07-22 12:15:39+00:00,peterjc,1
2017-07-25 13:04:35+00:00,boulund,1
2017-07-28 09:21:59+00:00,rlegendre,1
2017-07-28 15:14:24+00:00,Hammarn,1
2017-07-31 10:57:19+00:00,iimog,1
2017-08-04 14:17:20+00:00,lpantano,1
2017-08-08 09:34:09+00:00,ewels,1
2017-08-09 14:11:40+00:00,Galithil,1
2017-08-10 20:46:38+00:00,ehsueh,1
2017-08-12 18:53:52+00:00,tabwalsh,1
2017-08-14 13:37:36+00:00,ewels,1
2017-08-15 16:33:08+00:00,juliangehring,1
2017-08-16 10:26:02+00:00,winni2k,1
2017-08-17 10:24:51+00:00,winni2k,1
2017-08-17 11:35:34+00:00,vladsavelyev,1
2017-08-18 13:11:17+00:00,winni2k,1
2017-08-18 13:16:36+00:00,winni2k,1
2017-08-20 18:25:47+00:00,vladsavelyev,1
2017-08-21 15:16:18+00:00,noirot,1
2017-08-28 11:28:14+00:00,tbooth,1
2017-08-31 07:02:07+00:00,vezzi,1
2017-08-31 11:00:22+00:00,remiolsen,1
2017-08-31 11:22:12+00:00,vladsavelyev,1
2017-08-31 11:33:27+00:00,vladsavelyev,1
2017-09-05 09:11:28+00:00,juliangehring,1
2017-09-05 09:41:36+00:00,juliangehring,1
2017-09-05 12:28:38+00:00,ewels,1
2017-09-06 07:42:30+00:00,boulund,1
2017-09-06 13:57:06+00:00,rdali,1
2017-09-07 13:21:10+00:00,juliangehring,1
2017-09-08 12:51:23+00:00,dpryan79,1
2017-09-11 15:15:16+00:00,vladsavelyev,1
2017-09-18 08:49:56+00:00,matthdsm,1
2017-09-21 12:35:37+00:00,dpryan79,1
2017-09-27 13:50:28+00:00,juliangehring,1
2017-09-28 10:41:21+00:00,juliangehring,1
2017-09-28 11:29:40+00:00,ewels,1
2017-09-29 08:44:29+00:00,juliangehring,1
2017-10-02 10:40:23+00:00,maxulysse,1
2017-10-02 15:21:36+00:00,maxulysse,1
2017-10-03 12:43:24+00:00,t-neumann,1
2017-10-06 13:08:30+00:00,matthdsm,1
2017-10-11 03:21:59+00:00,vladsavelyev,1
2017-10-11 03:30:38+00:00,vladsavelyev,1
2017-10-11 03:44:09+00:00,vladsavelyev,1
2017-10-12 16:39:11+00:00,joachimwolff,1
2017-10-14 15:52:58+00:00,boulund,1
2017-10-23 15:00:25+00:00,tanaes,1
2017-10-24 12:31:17+00:00,yvanlebras,1
2017-11-07 13:34:56+00:00,boulund,1
2017-11-07 15:36:21+00:00,dpryan79,1
2017-11-15 10:37:59+00:00,chrisbarnettster,1
2017-11-30 14:17:34+00:00,avilella,1
2017-11-30 14:53:03+00:00,avilella,1
2017-12-14 14:13:12+00:00,hxin,1
2017-12-14 16:57:01+00:00,abhisheksp,1
2017-12-22 13:26:54+00:00,sachalau,1
2018-01-04 13:22:42+00:00,aledj2,1
2018-01-08 09:10:22+00:00,sachalau,1
2018-01-10 10:46:49+00:00,aledj2,1
2018-01-10 11:43:50+00:00,aledj2,1
2018-01-12 13:01:54+00:00,aledj2,1
2018-01-12 16:34:04+00:00,Rolandde,1
2018-01-18 13:20:18+00:00,t-neumann,1
2018-01-25 18:32:08+00:00,epruesse,1
2018-02-06 10:58:31+00:00,joachimwolff,1
2018-02-19 15:11:37+00:00,joachimwolff,1
2018-02-23 02:53:16+00:00,zwdzwd,1
2018-02-26 12:28:13+00:00,remiolsen,1
2018-03-05 15:23:17+00:00,cpavanrun,1
2018-03-06 09:45:45+00:00,cpavanrun,1
2018-03-06 12:40:56+00:00,moxgreen,1
2018-03-08 12:09:59+00:00,matthdsm,1
2018-03-08 12:57:45+00:00,ewels,1
2018-03-09 12:21:31+00:00,apeltzer,1
2018-03-12 06:53:56+00:00,vladsavelyev,1
2018-03-12 22:03:21+00:00,apeltzer,1
2018-03-14 17:11:32+00:00,ewels,1
2018-03-21 15:25:30+00:00,cpavanrun,1
2018-03-23 13:33:01+00:00,cpavanrun,1
2018-03-28 14:48:12+00:00,boulund,1
2018-04-04 12:09:26+00:00,boulund,1
2018-04-05 07:52:20+00:00,vladsavelyev,1
2018-04-06 16:17:45+00:00,lparsons,1
2018-04-10 14:14:48+00:00,maplesond,1
2018-04-11 07:26:05+00:00,cpavanrun,1
2018-04-11 09:15:58+00:00,cpavanrun,1
2018-04-16 09:57:06+00:00,moxgreen,1
2018-04-18 19:21:18+00:00,roryk,1
2018-04-23 11:24:54+00:00,ingkebil,1
2018-04-23 13:17:55+00:00,hassanfa,1
2018-04-23 13:18:22+00:00,oyvinev,1
2018-04-23 13:19:31+00:00,senthil10,1
2018-04-23 14:03:04+00:00,maxulysse,1
2018-04-24 11:22:05+00:00,Rotholandus,1
2018-05-03 12:44:59+00:00,remiolsen,1
2018-05-04 08:03:15+00:00,tsnowlan,1
2018-05-14 12:07:33+00:00,senthil10,1
2018-05-15 13:50:27+00:00,tiennes,1
2018-05-18 08:02:10+00:00,vladsavelyev,1
2018-05-28 10:55:26+00:00,cpavanrun,1
2018-05-29 05:33:41+00:00,cpavanrun,1
2018-05-30 14:15:30+00:00,tsnowlan,1
2018-06-11 14:06:36+00:00,tsnowlan,1
2018-06-15 08:28:07+00:00,cpavanrun,1
2018-06-19 05:02:41+00:00,brainstorm,1
2018-06-21 18:20:17+00:00,florianduclot,1
2018-06-25 10:50:18+00:00,nservant,1
2018-06-26 21:43:37+00:00,chapmanb,1
2018-06-28 12:20:22+00:00,chapmanb,1
2018-06-30 20:37:38+00:00,oneillkza,1
2018-07-03 07:49:57+00:00,ewels,1
2018-07-05 15:21:42+00:00,chapmanb,1
2018-07-18 19:13:38+00:00,olgabot,1
2018-07-19 10:49:57+00:00,vpresnyak,1
2018-07-30 17:44:27+00:00,ddesvillechabrol,1
2018-08-02 08:48:27+00:00,chuan-wang,1
2018-08-03 01:36:03+00:00,bwlang,1
2018-08-03 11:59:28+00:00,nservant,1
2018-08-16 14:27:14+00:00,chuan-wang,1
2018-08-17 14:06:15+00:00,chuan-wang,1
2018-08-28 17:49:39+00:00,SherryH1229,1
2018-09-07 09:53:31+00:00,nservant,1
2018-09-10 09:44:41+00:00,cpavanrun,1
2018-09-13 13:46:06+00:00,remiolsen,1
2018-09-18 09:51:01+00:00,cpavanrun,1
2018-10-21 21:28:20+00:00,pooranis,1
2018-10-30 01:48:27+00:00,vladsavelyev,1
2018-11-04 05:36:35+00:00,ManavalanG,1
2018-11-14 15:40:52+00:00,BINF-GSC,1
2018-12-03 12:19:19+00:00,xcorail,1
2018-12-11 00:23:22+00:00,bichkd,1
2018-12-19 14:00:19+00:00,apeltzer,1
2018-12-21 07:24:47+00:00,ewels,1
2018-12-21 08:49:15+00:00,ewels,1
2018-12-21 11:45:50+00:00,ewels,1
2018-12-21 14:30:44+00:00,apeltzer,1
2019-01-07 09:17:42+00:00,apeltzer,1
2019-01-31 15:20:23+00:00,alneberg,1
2019-02-05 01:43:38+00:00,vladsavelyev,1
2019-02-20 19:20:30+00:00,jakevc,1
2019-02-21 22:10:27+00:00,puva,1
2019-03-03 18:50:57+00:00,Nazeeefa,1
2019-03-03 20:14:12+00:00,jakevc,1
2019-03-03 20:52:38+00:00,lukaw3d,1
2019-03-04 09:49:28+00:00,sachalau,1
2019-03-04 10:49:28+00:00,sachalau,1
2019-03-04 13:16:51+00:00,epakarin,1
2019-03-05 21:36:39+00:00,lukaw3d,1
2019-03-07 21:06:09+00:00,johanneskoester,1
2019-03-08 11:14:42+00:00,johanneskoester,1
2019-03-19 08:30:42+00:00,johanneskoester,1
2019-03-19 09:52:01+00:00,vladsavelyev,1
2019-03-19 13:07:07+00:00,apeltzer,1
2019-03-19 14:33:44+00:00,apeltzer,1
2019-03-21 16:33:47+00:00,ratzeni,1
2019-04-02 08:37:56+00:00,apeltzer,1
2019-04-03 08:44:34+00:00,berguner,1
2019-04-03 12:45:54+00:00,berguner,1
2019-04-05 21:19:27+00:00,rspreafico-vir,1
2019-04-21 09:48:27+00:00,boulund,1
2019-05-04 03:25:39+00:00,vladsavelyev,1
2019-05-08 08:57:08+00:00,vladsavelyev,1
2019-05-23 17:10:30+00:00,mticlla,1
2019-06-13 16:39:57+00:00,slazicoicr,1
2019-06-20 18:32:36+00:00,elizabethcook21,1
2019-06-25 16:22:17+00:00,elizabethcook21,1
2019-06-25 22:23:39+00:00,JodyZhu,1
2019-07-12 13:05:35+00:00,lukaw3d,1
2019-07-12 13:06:09+00:00,lukaw3d,1
2019-08-05 16:05:31+00:00,mdshw5,1
2019-08-14 10:51:57+00:00,ewels,1
2019-08-15 11:26:14+00:00,olgabot,1
2019-08-30 13:29:47+00:00,Smeds,1
2019-09-20 08:58:11+00:00,singerj,1
2019-10-01 11:30:31+00:00,cschu,1
2019-10-01 15:04:55+00:00,massiddamt,1
2019-10-10 21:19:02+00:00,brentp,1
2019-10-15 21:44:15+00:00,erinyoung,1
2019-10-16 12:30:25+00:00,apeltzer,1
2019-10-16 15:30:20+00:00,erinyoung,1
2019-10-16 16:22:31+00:00,lukaw3d,1
2019-10-18 12:23:46+00:00,ewels,1
2019-10-18 17:10:38+00:00,kohlkopf,1
2019-10-28 15:45:12+00:00,ewels,1
2019-11-11 13:33:20+00:00,apeltzer,1
2019-11-12 10:21:26+00:00,apeltzer,1
2019-11-14 08:39:28+00:00,boulund,1
2019-11-14 17:13:50+00:00,remiolsen,1
2019-11-15 09:46:31+00:00,ewels,1
2019-11-26 05:55:38+00:00,hami-sh,1
2019-12-04 12:34:27+00:00,jfy133,1
2019-12-12 11:15:49+00:00,chadisaad,1
2019-12-18 13:25:21+00:00,apeltzer,1
2019-12-20 13:20:07+00:00,jfy133,1
2020-01-06 03:12:58+00:00,vladsavelyev,1
2020-01-25 04:02:10+00:00,vladsavelyev,1
2020-01-28 13:16:42+00:00,HenAlm,1
2020-02-07 20:52:05+00:00,claymcleod,1
2020-02-13 18:14:38+00:00,angelovangel,1
2020-02-14 12:39:07+00:00,matrulda,1
2020-02-17 12:22:20+00:00,ssjunnebo,1
2020-02-17 16:10:10+00:00,LeilyR,1
2020-02-19 20:01:32+00:00,olgabot,1
2020-03-03 16:45:15+00:00,nh13,1
2020-03-03 16:58:31+00:00,nh13,1
2020-03-03 23:36:09+00:00,nh13,1
2020-03-04 04:57:11+00:00,nh13,1
2020-03-05 17:00:46+00:00,nh13,1
2020-03-09 09:40:39+00:00,berguner,1
2020-03-11 09:36:28+00:00,Maarten-vd-Sande,1
2020-03-16 22:07:05+00:00,antgonza,1
2020-03-19 11:00:12+00:00,iromeo,1
2020-03-20 11:03:00+00:00,rernst,1
2020-03-24 23:00:23+00:00,antgonza,1
2020-03-27 04:56:54+00:00,sergpolly,1
2020-03-29 03:45:17+00:00,sergpolly,1
2020-03-29 14:57:41+00:00,StephenRicher,1
2020-03-31 09:11:36+00:00,gt1,1
2020-03-31 10:35:39+00:00,ewels,1
2020-04-01 07:54:56+00:00,nkrumm,1
2020-04-02 00:55:22+00:00,sergpolly,1
2020-04-02 14:58:14+00:00,ewels,1
2020-04-03 16:14:09+00:00,zhanghao-njmu,1
2020-04-03 16:59:15+00:00,StephenRicher,1
2020-04-07 20:22:06+00:00,FlorianThibord,1
2020-04-08 14:49:57+00:00,fgvieira,1
2020-04-17 16:47:35+00:00,apeltzer,1
2020-04-18 17:52:27+00:00,apeltzer,1
2020-04-20 19:56:58+00:00,apeltzer,1
2020-04-22 05:27:56+00:00,avsastry,1
2020-04-23 19:15:09+00:00,jamorrison,1
2020-04-27 06:57:08+00:00,cpavanrun,1
2020-04-30 14:43:06+00:00,noirot,1
2020-05-01 17:00:42+00:00,haizi-zh,1
2020-05-06 07:38:36+00:00,jfy133,1
2020-05-07 14:03:48+00:00,TCLamnidis,1
2020-05-07 16:24:24+00:00,jdidion,1
2020-05-12 12:43:03+00:00,jfy133,1
2020-05-13 20:46:21+00:00,apeltzer,1
2020-05-15 11:35:14+00:00,drpatelh,1
2020-05-20 10:31:23+00:00,cpavanrun,1
2020-05-20 10:51:36+00:00,cpavanrun,1
2020-05-27 09:31:58+00:00,drpatelh,1
2020-05-27 13:36:00+00:00,alexhbnr,1
2020-05-28 10:59:16+00:00,noirot,1
2020-05-28 12:38:06+00:00,maxibor,1
2020-05-28 18:55:26+00:00,jamorrison,1
2020-05-28 23:01:09+00:00,ewels,1
2020-05-29 22:58:02+00:00,ewels,1
2020-05-30 11:30:26+00:00,maxibor,1
2020-06-01 11:47:59+00:00,jfy133,1
2020-06-03 09:00:10+00:00,jfy133,1
2020-06-04 08:44:28+00:00,noirot,1
2020-06-05 11:59:13+00:00,noirot,1
2020-06-10 08:32:47+00:00,Maarten-vd-Sande,1
2020-06-10 14:47:11+00:00,vladsavelyev,1
2020-06-16 11:42:19+00:00,cerebis,1
2020-06-19 19:29:20+00:00,bnbowman,1
2020-06-24 06:43:43+00:00,caspargross,1
2020-06-29 21:08:10+00:00,chrispyatt,1
2020-06-30 08:49:24+00:00,chrispyatt,1
2020-06-30 19:37:17+00:00,sophie22,1
2020-07-06 10:34:29+00:00,jfy133,1
2020-07-10 14:14:06+00:00,vladsavelyev,1
2020-07-15 23:31:47+00:00,nh13,1
2020-07-16 17:50:41+00:00,caspargross,1
2020-08-17 23:24:15+00:00,TomaszSuchan,1
2020-08-18 15:21:15+00:00,abretaud,1
2020-08-20 10:18:38+00:00,pontushojer,1
2020-09-02 18:53:38+00:00,sstadick,1
2020-09-08 14:21:48+00:00,sstadick,1
2020-09-09 09:06:15+00:00,Redmar-van-den-Berg,1
2020-09-11 20:48:51+00:00,bnbowman,1
2020-09-14 13:53:38+00:00,Redmar-van-den-Berg,1
2020-09-25 18:18:25+00:00,TCLamnidis,1
2020-09-26 19:36:29+00:00,matzmz,1
2020-09-28 17:40:06+00:00,bnjenner,1
2020-09-28 20:48:17+00:00,sstadick,1
2020-09-29 14:46:29+00:00,marcelm,1
2020-10-01 14:01:46+00:00,marcelm,1
2020-10-02 18:03:59+00:00,roryk,1
2020-10-07 04:45:47+00:00,sstadick,1
2020-10-07 07:46:53+00:00,matmu,1
2020-10-07 13:08:44+00:00,ktmeaton,1
2020-10-08 21:07:54+00:00,sstadick,1
2020-10-23 09:31:18+00:00,Maarten-vd-Sande,1
2020-10-23 12:43:14+00:00,berguner,1
2020-10-23 20:49:18+00:00,sstadick,1
2020-10-31 02:36:05+00:00,mikewolfe,1
2020-11-03 08:33:54+00:00,matthdsm,1
2020-11-11 15:24:44+00:00,Zethson,1
2020-11-12 09:47:31+00:00,Maarten-vd-Sande,1
2020-11-16 06:50:24+00:00,Redmar-van-den-Berg,1
2020-11-16 06:52:44+00:00,Redmar-van-den-Berg,1
2020-11-16 09:58:43+00:00,kpalin,1
2020-11-18 09:57:54+00:00,ewels,1
2020-11-19 09:32:21+00:00,davidealbanese,1
2020-12-04 10:24:48+00:00,pontushojer,1
2020-12-16 07:59:17+00:00,Redmar-van-den-Berg,1
2020-12-17 15:58:55+00:00,will-rowe,1
2020-12-29 23:38:14+00:00,ewels,1
2020-12-30 00:24:17+00:00,ewels,1
2021-01-05 18:17:25+00:00,a-frantz,1
2021-01-07 02:26:29+00:00,vladsavelyev,1
2021-01-16 18:28:02+00:00,pmenzel,1
2021-01-30 20:09:54+00:00,huntr-helper,1
2021-02-05 21:01:24+00:00,a-frantz,1
2021-02-13 04:45:27+00:00,dfornika,1
2021-02-18 02:55:06+00:00,chattawasDls,1
2021-02-23 17:21:11+00:00,maxibor,1
2021-02-24 00:57:57+00:00,andrei-seleznev,1
2021-02-24 11:23:10+00:00,aeu79,1
2021-03-04 22:55:19+00:00,ewels,1
2021-03-05 18:04:47+00:00,apeltzer,1
2021-03-06 20:44:07+00:00,apeltzer,1
2021-03-08 12:52:35+00:00,apeltzer,1
2021-03-26 12:14:32+00:00,BiscuitCandy,1
2021-04-01 16:09:12+00:00,ftabaro,1
2021-04-21 14:23:42+00:00,matthdsm,1
2021-04-26 18:55:50+00:00,gartician,1
2021-04-27 13:11:55+00:00,berguner,1
2021-04-27 14:07:19+00:00,berguner,1
2021-05-04 04:34:41+00:00,gartician,1
2021-05-05 10:42:11+00:00,fgvieira,1
2021-05-21 23:34:09+00:00,nh13,1
2021-05-22 02:11:42+00:00,nh13,1
2021-05-27 14:36:49+00:00,jamorrison,1
2021-06-10 20:06:04+00:00,megumi-mori,1
2021-06-14 12:25:19+00:00,ErikDanielsson,1
2021-06-14 13:00:51+00:00,ErikDanielsson,1
2021-06-15 12:10:41+00:00,ErikDanielsson,1
2021-06-15 14:39:56+00:00,ErikDanielsson,1
2021-06-18 08:53:15+00:00,ErikDanielsson,1
2021-06-18 10:25:24+00:00,ErikDanielsson,1
2021-06-26 12:46:24+00:00,ErikDanielsson,1
2021-06-28 08:13:49+00:00,ErikDanielsson,1
2021-06-29 15:13:14+00:00,ErikDanielsson,1
2021-06-30 09:30:04+00:00,ErikDanielsson,1
2021-06-30 12:39:26+00:00,ErikDanielsson,1
2021-06-30 13:26:50+00:00,ErikDanielsson,1
2021-06-30 14:35:15+00:00,ErikDanielsson,1
2021-06-30 15:12:41+00:00,ErikDanielsson,1
2021-07-02 14:37:26+00:00,ErikDanielsson,1
2021-07-02 17:51:43+00:00,ErikDanielsson,1
2021-07-05 13:24:27+00:00,Redmar-van-den-Berg,1
2021-07-07 03:10:52+00:00,megumi-mori,1
2021-07-07 13:22:21+00:00,HofLucien,1
2021-07-10 20:35:23+00:00,bjohnnyd,1
2021-07-12 10:36:49+00:00,ErikDanielsson,1
2021-07-16 19:43:19+00:00,KyleStiers,1
2021-07-17 10:26:23+00:00,ErikDanielsson,1
2021-07-17 10:56:48+00:00,ErikDanielsson,1
2021-07-17 21:10:26+00:00,ErikDanielsson,1
2021-07-19 12:19:37+00:00,ErikDanielsson,1
2021-07-19 19:40:45+00:00,KyleStiers,1
2021-07-23 21:03:38+00:00,vsmalladi,1
2021-07-30 15:01:53+00:00,ErikDanielsson,1
2021-08-05 21:55:27+00:00,kevbrick,1
2021-08-06 15:34:44+00:00,ErikDanielsson,1
2021-08-07 02:13:29+00:00,klkeys,1
2021-08-09 23:16:37+00:00,nh13,1
2021-08-10 09:44:46+00:00,ErikDanielsson,1
2021-08-12 14:02:29+00:00,ErikDanielsson,1
2021-08-13 04:16:17+00:00,jakevc,1
2021-08-16 14:44:43+00:00,ErikDanielsson,1
2021-08-17 07:13:54+00:00,ErikDanielsson,1
2021-08-17 10:19:26+00:00,ErikDanielsson,1
2021-08-17 14:01:10+00:00,ErikDanielsson,1
2021-08-18 11:59:38+00:00,ErikDanielsson,1
2021-08-18 12:54:32+00:00,ErikDanielsson,1
2021-08-18 13:30:21+00:00,ErikDanielsson,1
2021-08-19 09:15:41+00:00,ErikDanielsson,1
2021-08-19 13:45:45+00:00,ErikDanielsson,1
2021-08-19 15:59:31+00:00,nh13,1
2021-09-04 02:25:36+00:00,alexiswl,1
2021-09-17 12:51:14+00:00,maleasy,1
2021-09-17 12:53:35+00:00,jakobmatthes,1
2021-10-11 20:19:26+00:00,gartician,1
2021-10-20 17:19:30+00:00,schorlton,1
2021-10-23 15:33:53+00:00,schorlton,1
2021-10-27 17:52:50+00:00,sparktx-nathan-johnson,1
2021-11-01 08:30:39+00:00,fgvieira,1
2021-11-02 03:55:25+00:00,jchorl,1
2021-11-06 19:09:14+00:00,jchorl,1
2021-11-06 19:13:33+00:00,jchorl,1
2021-11-06 19:28:07+00:00,jchorl,1
2021-11-07 18:10:41+00:00,jchorl,1
2021-11-07 23:53:20+00:00,jchorl,1
2021-11-12 17:32:32+00:00,MatthiasZepper,1
2021-11-15 04:48:18+00:00,jchorl,1
2021-11-15 20:00:30+00:00,g-pacheco,1
2021-11-17 17:10:02+00:00,jchorl,1
2021-11-18 18:53:44+00:00,sguizard,1
2021-11-19 18:46:24+00:00,sguizard,1
2021-11-22 08:29:56+00:00,sguizard,1
2021-11-22 22:46:32+00:00,MillironX,1
2021-11-23 15:19:44+00:00,yanick,1
2021-11-25 23:46:26+00:00,jchorl,1
2021-12-13 07:24:11+00:00,jfy133,1
2021-12-13 12:06:43+00:00,Redmar-van-den-Berg,1
2021-12-16 19:14:03+00:00,paulstretenowich,1
2021-12-25 13:56:37+00:00,bwlang,1
2022-01-05 11:16:10+00:00,MatthiasZepper,1
2022-01-20 10:55:25+00:00,idiomaticrefactoring,1
2022-02-01 09:59:40+00:00,Redmar-van-den-Berg,1
2022-02-04 23:30:49+00:00,MatthiasZepper,1
2022-02-11 14:53:06+00:00,Redmar-van-den-Berg,1
2022-02-12 16:46:56+00:00,schorlton,1
2022-02-15 13:31:15+00:00,idot,1
2022-02-17 09:59:47+00:00,idot,1
2022-02-23 15:30:21+00:00,jchorl,1
2022-02-23 19:46:43+00:00,seb-mueller,1
2022-02-25 05:29:52+00:00,gf777,1
2022-03-01 17:36:02+00:00,J-81,1
2022-03-10 14:46:16+00:00,jfy133,1
2022-03-15 14:35:30+00:00,NiemannJ,1
2022-03-21 12:39:13+00:00,matthdsm,1
2022-03-30 21:33:10+00:00,schorlton,1
2022-03-31 07:15:14+00:00,fgvieira,1
2022-04-01 08:58:56+00:00,ewels,1
2022-04-04 11:24:50+00:00,mattloose,1
2022-04-08 13:26:59+00:00,jchorl,1
2022-04-09 02:41:41+00:00,jchorl,1
2022-04-10 15:11:46+00:00,jchorl,1
2022-04-15 14:01:52+00:00,jchorl,1
2022-04-16 04:08:11+00:00,vladsavelyev,1
2022-05-07 21:54:39+00:00,schorlton,1
2022-05-20 07:14:50+00:00,edg1983,1
2022-05-23 10:26:08+00:00,jethror1,1
2022-05-30 18:20:23+00:00,schorlton,1
2022-06-05 14:33:41+00:00,gf777,1
2022-06-07 05:11:22+00:00,gartician,1
2022-06-07 07:07:55+00:00,andrei-seleznev,1
2022-06-13 10:00:31+00:00,drbecavin,1
2022-06-13 10:03:52+00:00,drbecavin,1
2022-06-16 12:18:34+00:00,Juho0,1
2022-06-20 11:19:26+00:00,natalia-wz,1
2022-06-23 12:38:26+00:00,drbecavin,1
2022-06-23 15:44:44+00:00,IllustratedMan-code,1
2022-06-27 09:24:51+00:00,ErikDanielsson,1
2022-07-01 11:24:05+00:00,phue,1
2022-07-06 14:41:23+00:00,IllustratedMan-code,1
2022-07-12 09:05:15+00:00,ErikDanielsson,1
2022-07-16 07:00:34+00:00,y9c,1
2022-07-19 23:56:12+00:00,ewels,1
2022-07-20 12:26:40+00:00,jfy133,1
2022-07-20 13:34:47+00:00,beausoleilmo,1
2022-07-26 10:38:46+00:00,mjamy,1
2022-07-26 18:21:43+00:00,sofstam,1
2022-08-01 12:40:45+00:00,JeanMainguy,1
2022-08-09 07:34:44+00:00,aidaanva,1
2022-08-09 23:51:45+00:00,jchorl,1
2022-08-10 05:57:46+00:00,jfy133,1
2022-08-11 12:02:32+00:00,jfy133,1
2022-08-14 22:53:19+00:00,jchorl,1
2022-08-14 23:08:04+00:00,jchorl,1
2022-08-17 12:33:08+00:00,jfy133,1
2022-08-30 09:20:42+00:00,pontushojer,1
2022-09-01 09:28:34+00:00,nvnieuwk,1
2022-09-08 21:30:17+00:00,ewels,1
2022-09-09 22:43:05+00:00,ewels,1
2022-09-09 23:05:19+00:00,ewels,1
2022-09-09 23:08:33+00:00,ewels,1
2022-09-10 18:09:46+00:00,ewels,1
2022-09-21 02:32:46+00:00,nolanmaier,1
2022-09-27 15:50:18+00:00,IllustratedMan-code,1
2022-10-10 15:26:45+00:00,SusiJo,1
2022-10-13 14:52:33+00:00,jchorl,1
2022-10-30 16:21:03+00:00,ewels,1
2022-10-31 19:02:26+00:00,TNalpat,1
2022-11-08 14:54:46+00:00,Redmar-van-den-Berg,1
2022-11-09 11:54:57+00:00,Redmar-van-den-Berg,1
2022-11-10 12:52:50+00:00,Redmar-van-den-Berg,1
2022-11-11 09:43:32+00:00,jfy133,1
2022-11-13 21:52:57+00:00,gitMakeCoffee,1
2022-11-22 16:33:47+00:00,jchorl,1
2022-11-23 00:53:04+00:00,andrei-seleznev,1
2022-11-23 09:20:59+00:00,Maarten-vd-Sande,1
2022-11-29 01:37:50+00:00,andrei-seleznev,1
2022-12-07 10:38:05+00:00,adamrtalbot,1
2022-12-07 16:35:27+00:00,taylorreiter,1
2022-12-08 11:08:03+00:00,adamrtalbot,1
2022-12-09 11:45:04+00:00,adamrtalbot,1
2022-12-09 15:10:32+00:00,taylorreiter,1
2022-12-13 05:52:18+00:00,jchorl,1
2022-12-14 17:54:52+00:00,olehpratsko,1
2022-12-15 23:07:19+00:00,ewels,1
2022-12-15 23:47:53+00:00,ewels,1
2022-12-16 11:00:05+00:00,olehpratsko,1
2022-12-16 14:50:27+00:00,olehpratsko,1
2022-12-16 15:48:06+00:00,olehpratsko,1
2022-12-19 14:17:36+00:00,dwishsan,1
2022-12-19 14:17:56+00:00,dwishsan,1
2022-12-19 14:18:26+00:00,dwishsan,1
2022-12-20 22:48:01+00:00,ewels,1
2022-12-27 14:25:36+00:00,lightning-auriga,1
2022-12-30 10:42:17+00:00,xiamaz,1
2022-12-30 21:16:13+00:00,ewels,1
2023-01-01 00:41:28+00:00,ewels,1
2023-01-01 23:12:56+00:00,ewels,1
2023-01-03 00:00:35+00:00,ewels,1
2023-01-03 02:03:30+00:00,alexiswl,1
2023-01-06 21:41:12+00:00,alexiswl,1
2023-01-10 15:27:46+00:00,nathanweeks,1
2023-01-15 22:48:56+00:00,alexiswl,1
2023-02-02 09:49:57+00:00,alexiswl,1
2023-02-02 16:50:29+00:00,ehenrion,1
2023-02-03 14:42:30+00:00,Redmar-van-den-Berg,1
2023-02-06 17:10:04+00:00,MikeWLloyd,1
2023-03-05 13:01:27+00:00,mashehu,1
2023-03-08 10:28:20+00:00,lmtani,1
2023-03-09 11:07:04+00:00,mashehu,1
2023-03-09 15:46:21+00:00,mashehu,1
2023-03-10 16:44:35+00:00,Just-Roma,1
2023-03-20 22:49:46+00:00,ewels,1
2023-03-20 23:47:24+00:00,ewels,1
2023-03-24 22:32:48+00:00,sstrong99,1
2023-03-31 09:51:47+00:00,ewels,1
2023-04-13 09:48:44+00:00,Joon-Klaps,1
2023-04-14 05:55:02+00:00,vladsavelyev,1
2023-04-14 09:45:19+00:00,Just-Roma,1
2023-04-24 15:00:38+00:00,pontushojer,1
2023-04-25 09:24:28+00:00,weber8thomas,1
2023-04-25 10:33:44+00:00,Just-Roma,1
2023-04-25 11:08:19+00:00,Just-Roma,1
2023-04-25 12:08:42+00:00,Just-Roma,1
2023-04-25 12:29:28+00:00,Just-Roma,1
2023-04-25 12:42:29+00:00,Just-Roma,1
2023-05-23 11:53:01+00:00,pontushojer,1
2023-05-24 08:18:01+00:00,vdechand,1
2023-05-25 17:30:38+00:00,JuliaMuench,1
2023-05-29 11:35:57+00:00,pontushojer,1
2023-06-13 08:27:06+00:00,jfy133,1
2023-06-16 14:55:17+00:00,jfy133,1
2023-06-16 20:18:13+00:00,ewels,1
2023-06-25 10:35:33+00:00,asp8200,1
2023-07-01 12:48:06+00:00,grst,1
2023-07-04 17:07:56+00:00,vivekbhr,1
2023-07-13 13:52:46+00:00,pontushojer,1
2023-07-24 04:13:40+00:00,alexiswl,1
2023-07-25 12:42:22+00:00,louperelo,1
2023-07-28 08:31:48+00:00,SteampunkIslande,1
2023-07-29 13:07:56+00:00,ewels,1
2023-08-04 19:05:00+00:00,ewels,1
2023-08-04 19:27:32+00:00,odcambc,1
2023-08-09 03:23:27+00:00,alexiswl,1
2023-08-09 13:05:35+00:00,vladsavelyev,1
2023-08-09 15:17:34+00:00,lindenb,1
2023-08-11 00:27:57+00:00,gdrosos,1
2023-08-11 15:38:59+00:00,vladsavelyev,1
2023-08-11 16:59:13+00:00,vladsavelyev,1
2023-08-14 13:23:22+00:00,vladsavelyev,1
2023-08-15 12:47:59+00:00,caspargross,1
2023-08-15 17:11:42+00:00,vladsavelyev,1
2023-08-15 20:49:53+00:00,ewels,1
2023-08-16 08:51:24+00:00,mashehu,1
2023-08-16 14:30:55+00:00,vladsavelyev,1
2023-08-17 05:28:12+00:00,ewels,1
2023-08-17 19:21:14+00:00,blajoie,1
2023-08-18 13:59:51+00:00,antass,1
2023-08-18 14:24:58+00:00,a-frantz,1
2023-08-21 17:17:10+00:00,TCLamnidis,1
2023-08-21 18:25:39+00:00,vladsavelyev,1
2023-08-22 15:56:01+00:00,vladsavelyev,1
2023-08-23 14:35:22+00:00,vladsavelyev,1
2023-08-23 16:00:04+00:00,vladsavelyev,1
2023-08-24 09:00:06+00:00,vladsavelyev,1
2023-08-24 16:12:10+00:00,vladsavelyev,1
2023-08-25 14:11:02+00:00,vladsavelyev,1
2023-08-25 17:51:32+00:00,jchorl,1
2023-08-25 21:06:40+00:00,jchorl,1
2023-08-28 08:48:28+00:00,vladsavelyev,1
2023-08-28 12:04:47+00:00,vladsavelyev,1
2023-08-28 12:20:25+00:00,ewels,1
2023-08-29 06:11:06+00:00,mashehu,1
2023-08-30 12:05:45+00:00,vladsavelyev,1
2023-08-30 20:01:11+00:00,ewels,1
2023-08-31 09:46:59+00:00,ewels,1
2023-08-31 12:23:28+00:00,vladsavelyev,1
2023-08-31 12:36:50+00:00,vladsavelyev,1
2023-08-31 13:58:40+00:00,FerriolCalvet,1
2023-09-01 12:57:22+00:00,vladsavelyev,1
2023-09-03 14:04:48+00:00,vladsavelyev,1
2023-09-03 14:30:14+00:00,vladsavelyev,1
2023-09-04 17:44:28+00:00,vladsavelyev,1
2023-09-04 18:53:32+00:00,vladsavelyev,1
2023-09-04 21:10:07+00:00,vladsavelyev,1
2023-09-06 17:37:14+00:00,vladsavelyev,1
2023-09-11 11:36:36+00:00,ewels,1
2023-09-11 20:21:27+00:00,ewels,1
2023-09-11 22:43:43+00:00,vladsavelyev,1
2023-09-13 11:39:20+00:00,vladsavelyev,1
2023-09-14 08:02:16+00:00,vladsavelyev,1
2023-09-14 10:40:28+00:00,ewels,1
2023-09-14 11:21:57+00:00,vladsavelyev,1
2023-09-14 22:54:51+00:00,ewels,1
2023-09-17 20:14:59+00:00,vladsavelyev,1
2023-09-17 21:56:43+00:00,vladsavelyev,1
2023-09-18 14:34:43+00:00,vladsavelyev,1
2023-09-18 15:02:28+00:00,pontushojer,1
2023-09-19 08:09:00+00:00,vladsavelyev,1
2023-09-19 10:21:38+00:00,pontushojer,1
2023-09-19 10:34:59+00:00,ewels,1
2023-09-19 11:47:13+00:00,vladsavelyev,1
2023-09-20 14:35:51+00:00,vladsavelyev,1
2023-09-20 16:04:59+00:00,vladsavelyev,1
2023-09-20 17:26:12+00:00,vladsavelyev,1
2023-09-21 08:41:09+00:00,vladsavelyev,1
2023-09-21 17:29:29+00:00,vladsavelyev,1
2023-09-21 17:47:47+00:00,vladsavelyev,1
2023-09-22 08:05:10+00:00,pontushojer,1
2023-09-22 09:35:16+00:00,ewels,1
2023-09-22 09:46:17+00:00,vladsavelyev,1
2023-09-22 12:34:33+00:00,vladsavelyev,1
2023-09-22 13:40:33+00:00,ewels,1
2023-09-22 14:29:36+00:00,ewels,1
2023-09-22 14:36:59+00:00,ewels,1
2023-09-24 20:25:58+00:00,ewels,1
2023-09-25 18:12:30+00:00,vladsavelyev,1
2023-09-27 08:17:48+00:00,ewels,1
2023-09-27 08:36:42+00:00,ewels,1
2023-09-27 09:10:29+00:00,ewels,1
2023-09-27 10:53:40+00:00,vladsavelyev,1
2023-09-27 14:30:12+00:00,pontushojer,1
2023-09-27 17:16:28+00:00,vladsavelyev,1
2023-09-27 22:18:17+00:00,vladsavelyev,1
2023-09-28 18:36:01+00:00,ewels,1
2023-10-01 15:57:00+00:00,vladsavelyev,1
2023-10-02 12:53:14+00:00,vladsavelyev,1
2023-10-03 07:41:53+00:00,pontushojer,1
2023-10-03 13:09:26+00:00,vladsavelyev,1
2023-10-03 14:12:26+00:00,vladsavelyev,1
2023-10-07 20:16:54+00:00,ewels,1
2023-10-09 12:14:03+00:00,vladsavelyev,1
2023-10-11 08:01:20+00:00,vladsavelyev,1
2023-10-11 08:56:21+00:00,vladsavelyev,1
2023-10-12 08:00:49+00:00,vladsavelyev,1
2023-10-12 17:59:35+00:00,vladsavelyev,1
2023-10-12 19:41:35+00:00,vladsavelyev,1
2023-10-13 08:55:11+00:00,vladsavelyev,1
2023-10-13 21:15:48+00:00,achakkas,1
2023-10-13 22:11:25+00:00,vladsavelyev,1
2023-10-15 16:54:12+00:00,vladsavelyev,1
2023-10-15 18:18:45+00:00,vladsavelyev,1
2023-10-16 08:17:53+00:00,vladsavelyev,1
2023-10-16 09:41:53+00:00,vladsavelyev,1
2023-10-16 10:31:12+00:00,vladsavelyev,1
2023-10-16 10:37:43+00:00,vladsavelyev,1
2023-10-16 15:16:32+00:00,vladsavelyev,1
2023-10-16 16:05:10+00:00,vladsavelyev,1
2023-10-16 16:24:09+00:00,vladsavelyev,1
2023-10-17 10:37:37+00:00,vladsavelyev,1
2023-10-17 14:39:55+00:00,ewels,1
2023-10-17 15:26:32+00:00,vladsavelyev,1
2023-10-17 15:35:04+00:00,ewels,1
2023-10-17 15:41:27+00:00,ewels,1
2023-10-17 16:26:18+00:00,vladsavelyev,1
2023-10-19 08:56:55+00:00,vladsavelyev,1
2023-10-19 14:38:27+00:00,vladsavelyev,1
2023-10-19 14:42:55+00:00,vladsavelyev,1
2023-10-19 20:07:51+00:00,vladsavelyev,1
2023-10-22 17:20:14+00:00,ewels,1
2023-10-23 11:00:01+00:00,vladsavelyev,1
2023-10-25 17:00:06+00:00,vladsavelyev,1
2023-10-27 11:32:38+00:00,vladsavelyev,1
2023-10-27 14:54:22+00:00,vladsavelyev,1
2023-10-30 10:22:17+00:00,vladsavelyev,1
2023-10-31 23:12:27+00:00,schorlton,1
2023-11-03 12:03:01+00:00,pontushojer,1
2023-11-06 14:21:52+00:00,vladsavelyev,1
2023-11-07 17:32:55+00:00,vladsavelyev,1
2023-11-09 14:22:30+00:00,ewels,1
2023-11-09 16:45:50+00:00,vladsavelyev,1
2023-11-09 22:34:12+00:00,vladsavelyev,1
2023-11-10 10:13:05+00:00,ewels,1
2023-11-10 20:47:12+00:00,jchorl,1
2023-11-10 20:57:21+00:00,jchorl,1
2023-11-14 09:59:25+00:00,vladsavelyev,1
2023-11-14 11:26:55+00:00,vladsavelyev,1
2023-11-14 11:33:46+00:00,ewels,1
2023-11-15 12:31:03+00:00,vladsavelyev,1
2023-11-15 15:07:31+00:00,vladsavelyev,1
2023-11-15 17:24:24+00:00,vladsavelyev,1
2023-11-16 14:11:52+00:00,vladsavelyev,1
2023-11-17 12:03:53+00:00,vladsavelyev,1
2023-11-17 14:22:27+00:00,ewels,1
2023-11-17 14:29:34+00:00,ewels,1
2023-11-17 14:35:19+00:00,ewels,1
2023-11-17 14:36:08+00:00,ewels,1
2023-11-17 18:27:00+00:00,vladsavelyev,1
2023-11-20 14:51:11+00:00,vladsavelyev,1
2023-11-21 13:31:49+00:00,ewels,1
2023-11-22 09:18:12+00:00,ewels,1
2023-11-22 15:58:37+00:00,vladsavelyev,1
2023-11-29 10:37:51+00:00,vladsavelyev,1
2023-12-01 12:46:08+00:00,gsmashd,1
2023-12-01 21:42:19+00:00,vladsavelyev,1
2023-12-01 22:20:10+00:00,vladsavelyev,1
2023-12-04 14:05:50+00:00,vladsavelyev,1
2023-12-04 14:26:04+00:00,ewels,1
2023-12-04 16:38:37+00:00,vladsavelyev,1
2023-12-04 16:44:01+00:00,vladsavelyev,1
2023-12-04 17:13:02+00:00,vladsavelyev,1
2023-12-04 17:45:52+00:00,vladsavelyev,1
2023-12-06 08:37:08+00:00,fgvieira,1
2023-12-12 11:56:45+00:00,fgvieira,1
2023-12-12 14:14:09+00:00,vladsavelyev,1
2023-12-12 16:07:03+00:00,vladsavelyev,1
2023-12-12 16:08:00+00:00,vladsavelyev,1
2023-12-13 17:16:09+00:00,vladsavelyev,1
2023-12-13 22:41:56+00:00,vladsavelyev,1
2023-12-13 23:47:59+00:00,vladsavelyev,1
2023-12-14 00:03:12+00:00,vladsavelyev,1
2023-12-14 00:10:48+00:00,vladsavelyev,1
2023-12-14 14:00:04+00:00,vladsavelyev,1
2023-12-15 10:50:23+00:00,vladsavelyev,1
2023-12-15 11:02:16+00:00,vladsavelyev,1
2023-12-15 16:48:01+00:00,kclem,1
2023-12-17 23:40:25+00:00,vladsavelyev,1
2023-12-18 08:30:47+00:00,vladsavelyev,1
2023-12-18 09:15:05+00:00,ewels,1
2023-12-18 09:32:01+00:00,ewels,1
2023-12-18 09:34:29+00:00,ewels,1
2023-12-18 09:57:47+00:00,ewels,1
2023-12-18 10:02:30+00:00,ewels,1
2023-12-18 11:21:51+00:00,ewels,1
2023-12-18 16:20:27+00:00,ewels,1
2023-12-19 09:34:03+00:00,ewels,1
2023-12-19 12:52:28+00:00,ewels,1
2023-12-27 19:34:14+00:00,ewels,1
2023-12-28 00:18:59+00:00,vladsavelyev,1
2023-12-28 19:34:04+00:00,clintval,1
2023-12-29 21:48:07+00:00,vladsavelyev,1
2024-01-03 14:15:48+00:00,mashehu,1
2024-01-05 10:59:39+00:00,Joon-Klaps,1
2024-01-05 23:11:31+00:00,a-detiste,1
2024-01-08 08:55:33+00:00,ewels,1
2024-01-11 09:16:45+00:00,rernst,1
2024-01-11 09:51:57+00:00,almahans,1
2024-01-16 08:27:37+00:00,Redmar-van-den-Berg,1
2024-01-19 18:10:15+00:00,mbeavitt,1
2024-01-19 22:39:43+00:00,vladsavelyev,1
2024-01-22 09:35:57+00:00,vladsavelyev,1
2024-01-22 14:55:41+00:00,kmlhpk,1
2024-01-23 16:25:45+00:00,vladsavelyev,1
2024-01-23 16:43:43+00:00,vladsavelyev,1
2024-01-23 17:44:27+00:00,studioph,1
2024-01-24 11:01:04+00:00,vladsavelyev,1
2024-01-24 14:33:57+00:00,alanhoyle,1
2024-01-24 20:17:05+00:00,vladsavelyev,1
2024-01-24 23:19:17+00:00,vladsavelyev,1
2024-01-30 22:59:44+00:00,ahvigil,1
2024-01-31 18:46:59+00:00,fgvieira,1
2024-02-01 13:48:35+00:00,vladsavelyev,1
2024-02-01 13:51:16+00:00,vladsavelyev,1
2024-02-06 17:34:14+00:00,vladsavelyev,1
2024-02-06 17:52:47+00:00,vladsavelyev,1
2024-02-07 23:45:08+00:00,vladsavelyev,1
2024-02-08 02:09:05+00:00,vladsavelyev,1
2024-02-08 02:22:33+00:00,vladsavelyev,1
2024-02-08 14:28:32+00:00,vladsavelyev,1
2024-02-08 14:38:24+00:00,vladsavelyev,1
2024-02-08 17:20:30+00:00,vladsavelyev,1
2024-02-08 17:24:46+00:00,vladsavelyev,1
2024-02-09 19:20:24+00:00,vladsavelyev,1
2024-02-09 20:38:15+00:00,vladsavelyev,1
2024-02-09 21:13:16+00:00,vladsavelyev,1
2024-02-12 09:31:02+00:00,vladsavelyev,1
2024-02-12 10:02:10+00:00,vladsavelyev,1
2024-02-12 10:35:25+00:00,vladsavelyev,1
2024-02-12 11:09:23+00:00,vladsavelyev,1
2024-02-12 12:00:18+00:00,vladsavelyev,1
2024-02-12 12:33:18+00:00,ewels,1
2024-02-12 12:39:13+00:00,vladsavelyev,1
2024-02-12 13:04:40+00:00,ewels,1
2024-02-12 16:47:07+00:00,vladsavelyev,1
2024-02-12 21:03:16+00:00,vladsavelyev,1
2024-02-13 11:13:15+00:00,vladsavelyev,1
2024-02-13 12:17:37+00:00,vladsavelyev,1
